# Catalog: Square and rectangular hollow sections, hot finished (SHS, RHS)
# Standard (declared by the source): EN 10210-2 (tables reproduced by the source)
# Source: Fondazione Promozione Acciaio, Profili cavi per la costruzione formati a caldo (EN 10210) e a freddo (EN 10219), tables of the standards
# Source file: EN 10210 CHS.pdf (Fondazione Promozione Acciaio, 2005), local copy of the user
# Source SHA256: 92AA2618551E23476AC9F2167FC178E00A28D875092179BCA99AF25263C7BD66
# Extracted: 2026-09-30 by tools/section-catalogs/extract_promozioneacciaio.py
# Units: mm, mm2, mm3, mm4 (It), mm3 (Ct), kg/m (G)
# h: side along z (vertical), b: side along y; t: wall thickness; corner radii of the calculations of EN 10210-2: outside 1.5 t, inside 1.0 t
# It torsion constant, Ct torsion modulus
Designation,Series,InStandard,G,h,b,t,A,Iy,Iz,Wely,Welz,Wply,Wplz,It,Ct
SHS 20 x 20 x 2,SHS,1,1.1,20,20,2,140,7360,7360,736,736,928,928,12200,1070
SHS 20 x 20 x 2.5,SHS,1,1.32,20,20,2.5,168,8290,8290,829,829,1080,1080,14100,1200
SHS 25 x 25 x 2,SHS,1,1.41,25,25,2,180,15600,15600,1250,1250,1530,1530,25200,1810
SHS 25 x 25 x 2.5,SHS,1,1.71,25,25,2.5,218,18000,18000,1440,1440,1810,1810,29700,2080
SHS 25 x 25 x 3,SHS,1,2,25,25,3,254,19900,19900,1590,1590,2050,2050,33500,2300
SHS 30 x 30 x 2,SHS,1,1.72,30,30,2,220,28300,28300,1890,1890,2290,2290,45300,2750
SHS 30 x 30 x 2.5,SHS,1,2.11,30,30,2.5,268,33200,33200,2210,2210,2730,2730,54000,3220
SHS 30 x 30 x 3,SHS,1,2.47,30,30,3,314,37300,37300,2480,2480,3130,3130,61600,3600
SHS 40 x 40 x 2.5,SHS,1,2.89,40,40,2.5,368,85300,85300,4260,4260,5140,5140,136000,6220
SHS 40 x 40 x 3,SHS,1,3.41,40,40,3,434,97500,97500,4880,4880,5960,5960,157000,7100
SHS 40 x 40 x 4,SHS,1,4.39,40,40,4,559,118000,118000,5890,5890,7430,7430,195000,8540
SHS 40 x 40 x 5,SHS,1,5.28,40,40,5,673,133000,133000,6630,6630,8640,8640,225000,9600
SHS 50 x 50 x 2.5,SHS,1,3.68,50,50,2.5,468,174000,174000,6980,6980,8290,8290,275000,10200
SHS 50 x 50 x 3,SHS,1,4.35,50,50,3,554,202000,202000,8070,8070,9700,9700,321000,11800
SHS 50 x 50 x 4,SHS,1,5.64,50,50,4,719,249000,249000,9960,9960,12300,12300,404000,14500
SHS 50 x 50 x 5,SHS,1,6.85,50,50,5,873,288000,288000,11500,11500,14500,14500,476000,16700
SHS 50 x 50 x 6,SHS,1,7.99,50,50,6,1020,318000,318000,12700,12700,16400,16400,536000,18400
SHS 50 x 50 x 6.3,SHS,1,8.31,50,50,6.3,1060,325000,325000,13000,13000,17000,17000,552000,18800
SHS 60 x 60 x 2.5,SHS,1,4.46,60,60,2.5,568,311000,311000,10400,10400,12200,12200,485000,15200
SHS 60 x 60 x 3,SHS,1,5.29,60,60,3,674,362000,362000,12100,12100,14300,14300,569000,17700
SHS 60 x 60 x 4,SHS,1,6.9,60,60,4,879,453000,453000,15100,15100,18300,18300,725000,22000
SHS 60 x 60 x 5,SHS,1,8.42,60,60,5,1070,531000,531000,17700,17700,21900,21900,864000,25700
SHS 60 x 60 x 6,SHS,1,9.87,60,60,6,1260,596000,596000,19900,19900,25100,25100,986000,28800
SHS 60 x 60 x 6.3,SHS,1,10.3,60,60,6.3,1310,613000,613000,20400,20400,25900,25900,1020000,29600
SHS 60 x 60 x 8,SHS,1,12.5,60,60,8,1600,691000,691000,23000,23000,30300,30300,1180000,33400
SHS 70 x 70 x 3,SHS,1,6.24,70,70,3,794,590000,590000,16900,16900,19900,19900,922000,24800
SHS 70 x 70 x 4,SHS,1,8.15,70,70,4,1040,746000,746000,21300,21300,25500,25500,1180000,31200
SHS 70 x 70 x 5,SHS,1,9.99,70,70,5,1270,883000,883000,25200,25200,30700,30700,1420000,36800
SHS 70 x 70 x 6,SHS,1,11.8,70,70,6,1500,1000000,1000000,28600,28600,35500,35500,1630000,41600
SHS 70 x 70 x 6.3,SHS,1,12.3,70,70,6.3,1560,1030000,1030000,29600,29600,36800,36800,1690000,42900
SHS 70 x 70 x 8,SHS,1,15,70,70,8,1920,1190000,1190000,34000,34000,43700,43700,2000000,49200
SHS 80 x 80 x 3,SHS,1,7.18,80,80,3,914,898000,898000,22400,22400,26300,26300,1400000,33000
SHS 80 x 80 x 4,SHS,1,9.41,80,80,4,1200,1140000,1140000,28600,28600,34000,34000,1800000,41900
SHS 80 x 80 x 5,SHS,1,11.6,80,80,5,1470,1360000,1360000,34100,34100,41100,41100,2170000,49800
SHS 80 x 80 x 6,SHS,1,13.6,80,80,6,1740,1560000,1560000,39000,39000,47700,47700,2520000,56800
SHS 80 x 80 x 6.3,SHS,1,14.2,80,80,6.3,1810,1610000,1610000,40400,40400,49600,49600,2620000,58700
SHS 80 x 80 x 8,SHS,1,17.5,80,80,8,2240,1880000,1880000,47100,47100,59400,59400,3120000,68300
SHS 90 x 90 x 4,SHS,1,10.7,90,90,4,1360,1660000,1660000,36900,36900,43600,43600,2600000,54200
SHS 90 x 90 x 5,SHS,1,13.1,90,90,5,1670,1990000,1990000,44300,44300,53000,53000,3160000,64800
SHS 90 x 90 x 6,SHS,1,15.5,90,90,6,1980,2290000,2290000,51000,51000,61700,61700,3670000,74300
SHS 90 x 90 x 6.3,SHS,1,16.2,90,90,6.3,2070,2380000,2380000,52800,52800,64300,64300,3820000,77000
SHS 90 x 90 x 8,SHS,1,20.1,90,90,8,2560,2810000,2810000,62300,62300,77500,77500,4590000,90500
SHS 100 x 100 x 4,SHS,1,11.9,100,100,4,1520,2320000,2320000,46300,46300,54400,54400,3610000,68200
SHS 100 x 100 x 5,SHS,1,14.7,100,100,5,1870,2790000,2790000,55800,55800,66300,66300,4390000,81800
SHS 100 x 100 x 6,SHS,1,17.4,100,100,6,2220,3230000,3230000,64500,64500,77600,77600,5130000,94300
SHS 100 x 100 x 6.3,SHS,1,18.2,100,100,6.3,2320,3350000,3350000,67000,67000,80800,80800,5340000,97800
SHS 100 x 100 x 8,SHS,1,22.6,100,100,8,2880,3990000,3990000,79700,79700,98100,98100,6460000,116000
SHS 100 x 100 x 10,SHS,1,27.4,100,100,10,3490,4600000,4600000,92000,92000,116000,116000,7610000,133000
SHS 120 x 120 x 5,SHS,1,17.8,120,120,5,2270,4970000,4970000,82900,82900,97600,97600,7770000,122000
SHS 120 x 120 x 6,SHS,1,21.2,120,120,6,2700,5790000,5790000,96500,96500,115000,115000,9110000,141000
SHS 120 x 120 x 6.3,SHS,1,22.2,120,120,6.3,2820,6020000,6020000,100000,100000,120000,120000,9500000,147000
SHS 120 x 120 x 8,SHS,1,27.6,120,120,8,3520,7250000,7250000,121000,121000,146000,146000,11600000,176000
SHS 120 x 120 x 10,SHS,1,33.7,120,120,10,4290,8500000,8500000,142000,142000,175000,175000,13820000,206000
SHS 120 x 120 x 12,SHS,1,39.5,120,120,12,5030,9540000,9540000,159000,159000,200000,200000,15780000,230000
SHS 120 x 120 x 12.5,SHS,1,40.9,120,120,12.5,5210,9770000,9770000,163000,163000,206000,206000,16230000,236000
SHS 140 x 140 x 5,SHS,1,21,140,140,5,2670,8070000,8070000,115000,115000,135000,135000,12530000,170000
SHS 140 x 140 x 6,SHS,1,24.9,140,140,6,3180,9440000,9440000,135000,135000,159000,159000,14750000,198000
SHS 140 x 140 x 6.3,SHS,1,26.1,140,140,6.3,3330,9830000,9830000,140000,140000,166000,166000,15400000,206000
SHS 140 x 140 x 8,SHS,1,32.6,140,140,8,4160,11940000,11940000,171000,171000,204000,204000,18920000,249000
SHS 140 x 140 x 10,SHS,1,40,140,140,10,5090,14130000,14130000,202000,202000,246000,246000,22720000,294000
SHS 140 x 140 x 12,SHS,1,47,140,140,12,5990,16040000,16040000,229000,229000,284000,284000,26160000,333000
SHS 140 x 140 x 12.5,SHS,1,48.7,140,140,12.5,6210,16470000,16470000,235000,235000,293000,293000,26960000,342000
SHS 150 x 150 x 5,SHS,1,22.6,150,150,5,2870,10010000,10010000,133000,133000,156000,156000,15500000,197000
SHS 150 x 150 x 6,SHS,1,26.8,150,150,6,3420,11730000,11730000,156000,156000,184000,184000,18280000,230000
SHS 150 x 150 x 6.3,SHS,1,28.1,150,150,6.3,3580,12230000,12230000,163000,163000,192000,192000,19090000,240000
SHS 150 x 150 x 8,SHS,1,35.1,150,150,8,4480,14890000,14890000,199000,199000,237000,237000,23510000,291000
SHS 150 x 150 x 10,SHS,1,43.1,150,150,10,5490,17700000,17700000,236000,236000,286000,286000,28320000,344000
SHS 150 x 150 x 12,SHS,1,50.8,150,150,12,6470,20180000,20180000,269000,269000,331000,331000,32720000,391000
SHS 150 x 150 x 12.5,SHS,1,52.7,150,150,12.5,6710,20740000,20740000,277000,277000,342000,342000,33750000,402000
SHS 150 x 150 x 16,SHS,1,65.2,150,150,16,8300,24180000,24180000,322000,322000,410000,410000,40260000,467000
SHS 160 x 160 x 5,SHS,1,24.1,160,160,5,3070,12240000,12240000,153000,153000,178000,178000,18920000,226000
SHS 160 x 160 x 6,SHS,1,28.7,160,160,6,3660,14360000,14360000,180000,180000,210000,210000,22330000,264000
SHS 160 x 160 x 6.3,SHS,1,30.1,160,160,6.3,3830,14980000,14980000,187000,187000,220000,220000,23330000,275000
SHS 160 x 160 x 8,SHS,1,37.6,160,160,8,4800,18300000,18300000,229000,229000,272000,272000,28800000,335000
SHS 160 x 160 x 10,SHS,1,46.3,160,160,10,5890,21820000,21820000,273000,273000,329000,329000,34780000,398000
SHS 160 x 160 x 12,SHS,1,54.6,160,160,12,6950,24970000,24970000,312000,312000,382000,382000,40280000,454000
SHS 160 x 160 x 12.5,SHS,1,56.6,160,160,12.5,7210,25690000,25690000,321000,321000,394000,394000,41580000,467000
SHS 160 x 160 x 16,SHS,1,70.2,160,160,16,8940,30150000,30150000,377000,377000,475000,475000,49880000,546000
SHS 180 x 180 x 5,SHS,1,27.3,180,180,5,3470,17650000,17650000,196000,196000,227000,227000,27180000,290000
SHS 180 x 180 x 6,SHS,1,32.5,180,180,6,4140,20760000,20760000,231000,231000,269000,269000,32150000,340000
SHS 180 x 180 x 6.3,SHS,1,34,180,180,6.3,4330,21670000,21670000,241000,241000,281000,281000,33610000,355000
SHS 180 x 180 x 8,SHS,1,42.7,180,180,8,5440,26590000,26590000,295000,295000,349000,349000,41620000,434000
SHS 180 x 180 x 10,SHS,1,52.5,180,180,10,6690,31900000,31900000,354000,354000,424000,424000,50480000,518000
SHS 180 x 180 x 12,SHS,1,62.1,180,180,12,7910,36700000,36700000,408000,408000,494000,494000,58730000,595000
SHS 180 x 180 x 12.5,SHS,1,64.4,180,180,12.5,8210,37830000,37830000,420000,420000,511000,511000,60700000,613000
SHS 180 x 180 x 16,SHS,1,80.2,180,180,16,10200,44890000,44890000,499000,499000,620000,620000,73430000,724000
SHS 200 x 200 x 5,SHS,1,30.4,200,200,5,3870,24450000,24450000,244000,244000,282000,282000,37560000,362000
SHS 200 x 200 x 6,SHS,1,36.2,200,200,6,4620,28820000,28820000,288000,288000,335000,335000,44490000,426000
SHS 200 x 200 x 6.3,SHS,1,38,200,200,6.3,4840,30100000,30100000,301000,301000,350000,350000,46530000,444000
SHS 200 x 200 x 8,SHS,1,47.7,200,200,8,6080,37070000,37070000,371000,371000,435000,435000,57780000,545000
SHS 200 x 200 x 10,SHS,1,58.8,200,200,10,7490,44670000,44670000,447000,447000,531000,531000,70310000,655000
SHS 200 x 200 x 12,SHS,1,69.6,200,200,12,8870,51640000,51640000,516000,516000,621000,621000,82080000,754000
SHS 200 x 200 x 12.5,SHS,1,72.3,200,200,12.5,9210,53280000,53280000,533000,533000,642000,642000,84910000,778000
SHS 200 x 200 x 16,SHS,1,90.3,200,200,16,11500,63770000,63770000,638000,638000,785000,785000,103400000,927000
SHS 220 x 220 x 6,SHS,1,40,220,220,6,5100,38740000,38740000,352000,352000,408000,408000,59630000,521000
SHS 220 x 220 x 6.3,SHS,1,41.9,220,220,6.3,5340,40480000,40480000,368000,368000,427000,427000,62400000,544000
SHS 220 x 220 x 8,SHS,1,52.7,220,220,8,6720,49990000,49990000,454000,454000,532000,532000,77650000,669000
SHS 220 x 220 x 10,SHS,1,65.1,220,220,10,8290,60460000,60460000,550000,550000,650000,650000,94730000,807000
SHS 220 x 220 x 12,SHS,1,77.2,220,220,12,9830,70150000,70150000,638000,638000,762000,762000,110910000,933000
SHS 220 x 220 x 12.5,SHS,1,80.1,220,220,12.5,10200,72450000,72450000,659000,659000,789000,789000,114810000,963000
SHS 220 x 220 x 16,SHS,1,100,220,220,16,12800,87300000,87300000,794000,794000,968000,968000,140540000,1156000
SHS 250 x 250 x 6,SHS,1,45.7,250,250,6,5820,57510000,57510000,460000,460000,531000,531000,88250000,681000
SHS 250 x 250 x 6.3,SHS,1,47.9,250,250,6.3,6100,60130000,60130000,481000,481000,556000,556000,92380000,712000
SHS 250 x 250 x 8,SHS,1,60.3,250,250,8,7680,74520000,74520000,596000,596000,694000,694000,115250000,880000
SHS 250 x 250 x 10,SHS,1,74.5,250,250,10,9490,90500000,90500000,724000,724000,850000,850000,141060000,1065000
SHS 250 x 250 x 12,SHS,1,88.5,250,250,12,11300,105460000,105460000,844000,844000,1000000,1000000,165670000,1237000
SHS 250 x 250 x 12.5,SHS,1,91.9,250,250,12.5,11700,109050000,109050000,872000,872000,1036000,1036000,171640000,1279000
SHS 250 x 250 x 16,SHS,1,115,250,250,16,14700,132450000,132450000,1060000,1060000,1279000,1279000,211380000,1546000
SHS 260 x 260 x 6,SHS,1,47.6,260,260,6,6060,64900000,64900000,499000,499000,576000,576000,99510000,740000
SHS 260 x 260 x 6.3,SHS,1,49.9,260,260,6.3,6350,67870000,67870000,522000,522000,603000,603000,104170000,773000
SHS 260 x 260 x 8,SHS,1,62.8,260,260,8,8000,84200000,84200000,648000,648000,753000,753000,130060000,956000
SHS 260 x 260 x 10,SHS,1,77.7,260,260,10,9890,102370000,102370000,787000,787000,923000,923000,159320000,1159000
SHS 260 x 260 x 12,SHS,1,92.2,260,260,12,11700,119440000,119440000,919000,919000,1087000,1087000,187290000,1348000
SHS 260 x 260 x 12.5,SHS,1,95.8,260,260,12.5,12200,123540000,123540000,950000,950000,1127000,1127000,194090000,1394000
SHS 260 x 260 x 16,SHS,1,120,260,260,16,15300,150390000,150390000,1157000,1157000,1393000,1393000,239420000,1689000
SHS 300 x 300 x 6,SHS,1,55.1,300,300,6,7020,100780000,100780000,672000,672000,772000,772000,154070000,997000
SHS 300 x 300 x 6.3,SHS,1,57.8,300,300,6.3,7360,105450000,105450000,703000,703000,809000,809000,161360000,1043000
SHS 300 x 300 x 8,SHS,1,72.8,300,300,8,9280,131250000,131250000,875000,875000,1013000,1013000,201940000,1294000
SHS 300 x 300 x 10,SHS,1,90.2,300,300,10,11500,160200000,160200000,1068000,1068000,1245000,1245000,248070000,1575000
SHS 300 x 300 x 12,SHS,1,107,300,300,12,13700,187660000,187660000,1251000,1251000,1470000,1470000,292490000,1840000
SHS 300 x 300 x 12.5,SHS,1,112,300,300,12.5,14200,194300000,194300000,1295000,1295000,1524000,1524000,303330000,1904000
SHS 300 x 300 x 16,SHS,1,141,300,300,16,17900,238240000,238240000,1588000,1588000,1894000,1894000,376220000,2325000
SHS 350 x 350 x 8,SHS,1,85.4,350,350,8,10900,211250000,211250000,1207000,1207000,1391000,1391000,323840000,1789000
SHS 350 x 350 x 10,SHS,1,106,350,350,10,13500,258760000,258760000,1479000,1479000,1715000,1715000,398860000,2185000
SHS 350 x 350 x 12,SHS,1,126,350,350,12,16100,304220000,304220000,1738000,1738000,2029000,2029000,471540000,2563000
SHS 350 x 350 x 12.5,SHS,1,131,350,350,12.5,16700,315270000,315270000,1802000,1802000,2106000,2106000,489340000,2654000
SHS 350 x 350 x 16,SHS,1,166,350,350,16,21100,389120000,389120000,2224000,2224000,2629000,2629000,609900000,3264000
SHS 400 x 400 x 10,SHS,1,122,400,400,10,15500,391190000,391190000,1956000,1956000,2260000,2260000,600920000,2895000
SHS 400 x 400 x 12,SHS,1,145,400,400,12,18500,461150000,461150000,2306000,2306000,2679000,2679000,711810000,3405000
SHS 400 x 400 x 12.5,SHS,1,151,400,400,12.5,19200,478220000,478220000,2391000,2391000,2782000,2782000,739060000,3530000
SHS 400 x 400 x 16,SHS,1,191,400,400,16,24300,593100000,593100000,2965000,2965000,3484000,3484000,924420000,4362000
SHS 400 x 400 x 20,SHS,1,235,400,400,20,30000,714680000,714680000,3573000,3573000,4245000,4245000,1124890000,5237000
RHS 50 x 25 x 2.5,RHS,1,2.69,50,25,2.5,343,104000,33900,4160,2710,5320,3220,84200,4610
RHS 50 x 25 x 3,RHS,1,3.17,50,25,3,404,119000,38100,4750,3050,6170,3700,96400,5200
RHS 50 x 30 x 2.5,RHS,1,2.89,50,30,2.5,368,118000,52100,4720,3480,5920,4110,117000,5730
RHS 50 x 30 x 3,RHS,1,3.41,50,30,3,434,135000,59200,5410,3950,6880,4750,135000,6510
RHS 50 x 30 x 4,RHS,1,4.39,50,30,4,559,164000,70500,6570,4700,8580,5870,166000,7770
RHS 50 x 30 x 5,RHS,1,5.28,50,30,5,673,186000,78100,7430,5210,10000,6770,190000,8670
RHS 60 x 40 x 2.5,RHS,1,3.68,60,40,2.5,468,228000,120000,7610,6020,9320,7010,251000,9730
RHS 60 x 40 x 3,RHS,1,4.35,60,40,3,554,264000,139000,8810,6930,10900,8180,292000,11200
RHS 60 x 40 x 4,RHS,1,5.64,60,40,4,719,327000,170000,10900,8490,13800,10300,367000,13700
RHS 60 x 40 x 5,RHS,1,6.85,60,40,5,873,379000,194000,12600,9720,16400,12100,430000,15700
RHS 60 x 40 x 6,RHS,1,7.99,60,40,6,1020,421000,213000,14000,10600,18600,13700,482000,17300
RHS 60 x 40 x 6.3,RHS,1,8.31,60,40,6.3,1060,431000,217000,14400,10900,19200,14100,495000,17600
RHS 80 x 40 x 3,RHS,1,5.29,80,40,3,674,542000,180000,13500,8990,17100,10400,438000,15300
RHS 80 x 40 x 4,RHS,1,6.9,80,40,4,879,681000,222000,17000,11100,21800,13200,552000,18900
RHS 80 x 40 x 5,RHS,1,8.42,80,40,5,1070,801000,256000,20000,12800,26100,15600,651000,21900
RHS 80 x 40 x 6,RHS,1,9.87,80,40,6,1260,902000,283000,22500,14100,30000,17800,734000,24200
RHS 80 x 40 x 6.3,RHS,1,10.3,80,40,6.3,1310,929000,290000,23200,14500,31000,18300,756000,24800
RHS 80 x 40 x 8,RHS,1,12.5,80,40,8,1600,1050000,317000,26300,15900,36400,21100,858000,27400
RHS 90 x 50 x 3,RHS,1,6.24,90,50,3,794,843000,334000,18700,13400,23200,15300,765000,22400
RHS 90 x 50 x 4,RHS,1,8.15,90,50,4,1040,1070000,419000,23800,16800,29800,19600,975000,28000
RHS 90 x 50 x 5,RHS,1,9.99,90,50,5,1270,1270000,491000,28200,19600,36000,23500,1160000,32900
RHS 90 x 50 x 6,RHS,1,11.8,90,50,6,1500,1450000,551000,32100,22100,41600,27000,1330000,37000
RHS 90 x 50 x 6.3,RHS,1,12.3,90,50,6.3,1560,1490000,567000,33200,22700,43200,28000,1380000,38100
RHS 90 x 50 x 8,RHS,1,15,90,50,8,1920,1730000,641000,38400,25600,51300,32800,1600000,43200
RHS 100 x 50 x 3,RHS,1,6.71,100,50,3,854,1100000,368000,21900,14700,27300,16700,884000,25000
RHS 100 x 50 x 4,RHS,1,8.78,100,50,4,1120,1390000,461000,27900,18400,35200,21500,1130000,31400
RHS 100 x 50 x 5,RHS,1,10.8,100,50,5,1370,1660000,542000,33300,21700,42600,25800,1350000,36900
RHS 100 x 50 x 6,RHS,1,12.7,100,50,6,1620,1900000,610000,38000,24400,49400,29600,1540000,41600
RHS 100 x 50 x 6.3,RHS,1,13.3,100,50,6.3,1690,1970000,628000,39300,25100,51300,30700,1600000,42900
RHS 100 x 50 x 8,RHS,1,16.3,100,50,8,2080,2290000,712000,45800,28500,61300,36200,1860000,48900
RHS 100 x 60 x 3,RHS,1,7.18,100,60,3,914,1240000,557000,24700,18600,30200,21200,1210000,30700
RHS 100 x 60 x 4,RHS,1,9.41,100,60,4,1200,1580000,704000,31600,23500,39100,27300,1560000,38700
RHS 100 x 60 x 5,RHS,1,11.6,100,60,5,1470,1890000,834000,37800,27800,47300,32900,1880000,45900
RHS 100 x 60 x 6,RHS,1,13.6,100,60,6,1740,2170000,948000,43300,31600,55000,38000,2160000,52100
RHS 100 x 60 x 6.3,RHS,1,14.2,100,60,6.3,1810,2240000,978000,44900,32600,57200,39500,2240000,53800
RHS 100 x 60 x 8,RHS,1,17.5,100,60,8,2240,2630000,1130000,52600,37600,68600,47000,2650000,62200
RHS 120 x 60 x 4,RHS,1,10.7,120,60,4,1360,2490000,830000,41400,27700,51900,31700,2010000,47100
RHS 120 x 60 x 5,RHS,1,13.1,120,60,5,1670,2990000,986000,49800,32900,63100,38400,2420000,56000
RHS 120 x 60 x 6,RHS,1,15.5,120,60,6,1980,3450000,1120000,57500,37400,73600,44500,2790000,63800
RHS 120 x 60 x 6.3,RHS,1,16.2,120,60,6.3,2070,3580000,1160000,59600,38700,76600,46200,2900000,65900
RHS 120 x 60 x 8,RHS,1,20.1,120,60,8,2560,4230000,1350000,70600,44800,92600,55300,3440000,76600
RHS 120 x 60 x 10,RHS,1,24.3,120,60,10,3090,4860000,1500000,80900,50100,109000,64200,3960000,86100
RHS 120 x 80 x 4,RHS,1,11.9,120,80,4,1520,3020000,1610000,50400,40100,61100,46100,3300000,65000
RHS 120 x 80 x 5,RHS,1,14.7,120,80,5,1870,3650000,1930000,60800,48200,74600,56100,4010000,77900
RHS 120 x 80 x 6,RHS,1,17.4,120,80,6,2220,4230000,2220000,70500,55500,87300,65500,4680000,89600
RHS 120 x 80 x 6.3,RHS,1,18.2,120,80,6.3,2320,4390000,2300000,73200,57500,90900,68200,4870000,92900
RHS 120 x 80 x 8,RHS,1,22.6,120,80,8,2880,5240000,2720000,87300,67900,111000,82400,5870000,110000
RHS 120 x 80 x 10,RHS,1,27.4,120,80,10,3490,6070000,3110000,101000,77700,131000,97100,6880000,126000
RHS 140 x 80 x 4,RHS,1,13.2,140,80,4,1680,4400000,1840000,62900,45900,77100,52200,4110000,76500
RHS 140 x 80 x 5,RHS,1,16.3,140,80,5,2070,5340000,2210000,76200,55200,94300,63600,4990000,91900
RHS 140 x 80 x 6,RHS,1,19.3,140,80,6,2460,6200000,2550000,88600,63700,111000,74400,5830000,106000
RHS 140 x 80 x 6.3,RHS,1,20.2,140,80,6.3,2570,6450000,2640000,92200,66100,115000,77500,6070000,110000
RHS 140 x 80 x 8,RHS,1,25.1,140,80,8,3200,7750000,3130000,111000,78300,141000,94000,7330000,130000
RHS 140 x 80 x 10,RHS,1,30.6,140,80,10,3890,9050000,3600000,129000,90100,168000,111000,8620000,150000
RHS 150 x 100 x 4,RHS,1,15.1,150,100,4,1920,6070000,3240000,80900,64800,97400,73600,6600000,105000
RHS 150 x 100 x 5,RHS,1,18.6,150,100,5,2370,7380000,3920000,98400,78400,119000,90100,8070000,127000
RHS 150 x 100 x 6,RHS,1,22.1,150,100,6,2820,8620000,4550000,115000,91100,141000,106000,9460000,147000
RHS 150 x 100 x 6.3,RHS,1,23.1,150,100,6.3,2950,8970000,4740000,120000,94700,147000,110000,9860000,153000
RHS 150 x 100 x 8,RHS,1,28.9,150,100,8,3680,10850000,5680000,145000,114000,180000,135000,12030000,183000
RHS 150 x 100 x 10,RHS,1,35.3,150,100,10,4490,12790000,6630000,171000,133000,216000,161000,14320000,214000
RHS 150 x 100 x 12,RHS,1,41.4,150,100,12,5270,14450000,7420000,193000,148000,248000,184000,16330000,240000
RHS 150 x 100 x 12.5,RHS,1,42.8,150,100,12.5,5460,14820000,7590000,198000,152000,256000,190000,16790000,246000
RHS 160 x 80 x 4,RHS,1,14.4,160,80,4,1840,6120000,2070000,76500,51700,94700,58300,4930000,88100
RHS 160 x 80 x 5,RHS,1,17.8,160,80,5,2270,7440000,2490000,92900,62300,116000,71100,6000000,106000
RHS 160 x 80 x 6,RHS,1,21.2,160,80,6,2700,8670000,2880000,108000,71900,136000,83200,7010000,122000
RHS 160 x 80 x 6.3,RHS,1,22.2,160,80,6.3,2820,9020000,2990000,113000,74700,142000,86700,7300000,127000
RHS 160 x 80 x 8,RHS,1,27.6,160,80,8,3520,10900000,3550000,136000,88800,174000,105000,8830000,151000
RHS 160 x 80 x 10,RHS,1,33.7,160,80,10,4290,12810000,4100000,160000,102000,209000,125000,10410000,175000
RHS 160 x 80 x 12,RHS,1,39.5,160,80,12,5030,14430000,4530000,180000,113000,240000,142000,11750000,194000
RHS 160 x 80 x 12.5,RHS,1,40.9,160,80,12.5,5210,14790000,4620000,185000,115000,247000,146000,12040000,198000
RHS 180 x 100 x 4,RHS,1,16.9,180,100,4,2160,9440000,3790000,105000,75800,128000,85100,8520000,127000
RHS 180 x 100 x 5,RHS,1,21,180,100,5,2670,11520000,4600000,128000,92000,157000,104000,10420000,154000
RHS 180 x 100 x 6,RHS,1,24.9,180,100,6,3180,13490000,5350000,150000,107000,185000,123000,12240000,179000
RHS 180 x 100 x 6.3,RHS,1,26.1,180,100,6.3,3330,14060000,5570000,156000,111000,194000,128000,12770000,186000
RHS 180 x 100 x 8,RHS,1,32.6,180,100,8,4160,17110000,6700000,190000,134000,239000,157000,15600000,224000
RHS 180 x 100 x 10,RHS,1,40,180,100,10,5090,20320000,7850000,226000,157000,288000,188000,18620000,263000
RHS 180 x 100 x 12,RHS,1,47,180,100,12,5990,23130000,8820000,257000,176000,333000,216000,21300000,296000
RHS 180 x 100 x 12.5,RHS,1,48.7,180,100,12.5,6210,23780000,9040000,264000,181000,343000,222000,21910000,303000
RHS 200 x 100 x 4,RHS,1,18.2,200,100,4,2320,12220000,4160000,122000,83200,150000,92800,9830000,142000
RHS 200 x 100 x 5,RHS,1,22.6,200,100,5,2870,14940000,5050000,149000,101000,185000,114000,12040000,172000
RHS 200 x 100 x 6,RHS,1,26.8,200,100,6,3420,17530000,5880000,175000,118000,218000,134000,14140000,200000
RHS 200 x 100 x 6.3,RHS,1,28.1,200,100,6.3,3580,18280000,6120000,183000,122000,228000,140000,14750000,208000
RHS 200 x 100 x 8,RHS,1,35.1,200,100,8,4480,22310000,7380000,223000,148000,282000,172000,18040000,251000
RHS 200 x 100 x 10,RHS,1,43.1,200,100,10,5490,26600000,8670000,266000,173000,341000,206000,21560000,295000
RHS 200 x 100 x 12,RHS,1,50.8,200,100,12,6470,30400000,9760000,304000,195000,395000,237000,24690000,333000
RHS 200 x 100 x 12.5,RHS,1,52.7,200,100,12.5,6710,31280000,10000000,313000,200000,408000,244000,25410000,341000
RHS 200 x 100 x 16,RHS,1,65.2,200,100,16,8300,36610000,11390000,366000,228000,490000,290000,29820000,391000
RHS 200 x 120 x 6,RHS,1,28.7,200,120,6,3660,19790000,8910000,198000,149000,242000,169000,19420000,245000
RHS 200 x 120 x 6.3,RHS,1,30.1,200,120,6.3,3830,20640000,9280000,206000,155000,253000,177000,20280000,255000
RHS 200 x 120 x 8,RHS,1,37.6,200,120,8,4800,25270000,11270000,253000,188000,313000,218000,24950000,310000
RHS 200 x 120 x 10,RHS,1,46.3,200,120,10,5890,30210000,13350000,302000,223000,379000,263000,30010000,367000
RHS 200 x 120 x 12,RHS,1,54.6,200,120,12,6950,34650000,15160000,346000,253000,440000,304000,34610000,417000
RHS 200 x 120 x 12.5,RHS,1,56.6,200,120,12.5,7210,35680000,15570000,357000,260000,455000,314000,35690000,428000
RHS 200 x 120 x 16,RHS,1,70.2,200,120,16,8940,42040000,18040000,420000,301000,549000,376000,42470000,497000
RHS 250 x 150 x 6,RHS,1,36.2,250,150,6,4620,39640000,17950000,317000,239000,385000,270000,38770000,396000
RHS 250 x 150 x 6.3,RHS,1,38,250,150,6.3,4840,41410000,18730000,331000,250000,402000,282000,40540000,413000
RHS 250 x 150 x 8,RHS,1,47.7,250,150,8,6080,51090000,22960000,409000,306000,501000,350000,50210000,506000
RHS 250 x 150 x 10,RHS,1,58.8,250,150,10,7490,61680000,27520000,493000,367000,610000,426000,60900000,605000
RHS 250 x 150 x 12,RHS,1,69.6,250,150,12,8870,71450000,31630000,572000,422000,714000,497000,70880000,695000
RHS 250 x 150 x 12.5,RHS,1,72.3,250,150,12.5,9210,73760000,32590000,590000,435000,740000,514000,73260000,717000
RHS 250 x 150 x 16,RHS,1,90.3,250,150,16,11500,88580000,38610000,709000,515000,905000,624000,88680000,849000
RHS 260 x 180 x 6,RHS,1,40,260,180,6,5100,49410000,28030000,380000,311000,454000,353000,55540000,502000
RHS 260 x 180 x 6.3,RHS,1,41.9,260,180,6.3,5340,51640000,29280000,397000,325000,475000,369000,58100000,524000
RHS 260 x 180 x 8,RHS,1,52.7,260,180,8,6720,63870000,36060000,491000,401000,592000,459000,72210000,644000
RHS 260 x 180 x 10,RHS,1,65.1,260,180,10,8290,77360000,43470000,595000,483000,723000,560000,87980000,775000
RHS 260 x 180 x 12,RHS,1,77.2,260,180,12,9830,89900000,50280000,692000,559000,849000,655000,102850000,895000
RHS 260 x 180 x 12.5,RHS,1,80.1,260,180,12.5,10200,92890000,51880000,715000,576000,879000,678000,106430000,924000
RHS 260 x 180 x 16,RHS,1,100,260,180,16,12800,112230000,62150000,863000,691000,1080000,830000,129930000,1106000
RHS 300 x 200 x 6,RHS,1,45.7,300,200,6,5820,74850000,40120000,499000,401000,596000,451000,81000000,651000
RHS 300 x 200 x 6.3,RHS,1,47.9,300,200,6.3,6100,78270000,41920000,522000,419000,624000,472000,84760000,681000
RHS 300 x 200 x 8,RHS,1,60.3,300,200,8,7680,97130000,51820000,648000,518000,779000,589000,105620000,840000
RHS 300 x 200 x 10,RHS,1,74.5,300,200,10,9490,118130000,62730000,788000,627000,955000,721000,129080000,1015000
RHS 400 x 200 x 12,RHS,1,107,400,200,12,13700,280440000,94110000,1402000,941000,1747000,1072000,226220000,1602000
RHS 450 x 250 x 8,RHS,1,85.4,450,250,8,10900,300770000,121390000,1337000,971000,1622000,1081000,270830000,1629000
RHS 450 x 250 x 10,RHS,1,106,450,250,10,13500,368850000,148130000,1639000,1185000,2000000,1330000,332840000,1986000
RHS 450 x 250 x 12,RHS,1,126,450,250,12,16100,434170000,173500000,1930000,1388000,2367000,1571000,392600000,2324000
RHS 450 x 250 x 12.5,RHS,1,131,450,250,12.5,16700,450080000,179620000,2000000,1437000,2457000,1630000,407190000,2406000
RHS 450 x 250 x 16,RHS,1,166,450,250,16,21100,556660000,220200000,2474000,1762000,3069000,2028000,505450000,2947000
RHS 500 x 300 x 10,RHS,1,122,500,300,10,15500,537510000,244330000,2150000,1629000,2595000,1825000,524500000,2696000
RHS 500 x 300 x 12,RHS,1,145,500,300,12,18500,634280000,287250000,2537000,1915000,3077000,2161000,620390000,3167000
RHS 500 x 300 x 12.5,RHS,1,151,500,300,12.5,19200,657920000,297680000,2632000,1985000,3195000,2243000,643890000,3281000
RHS 500 x 300 x 16,RHS,1,191,500,300,16,24300,817400000,367420000,3270000,2449000,4004000,2803000,803290000,4044000
RHS 500 x 300 x 20,RHS,1,235,500,300,20,30000,986920000,440280000,3948000,2935000,4884000,3407000,974470000,4842000
