# Catalog: Circular hollow sections, hot finished (CHS), Tata Steel Celsius range
# Standard (declared by the source): EN 10210-2:2006 (BS EN 10210-2, Eurocode 3 UK National Annex)
# Source: Tata Steel, Celsius hot finished circular hollow sections: CHS, Section properties - Dimensions and properties (workbook of 01/07/2020) and the availability tables of the brochure Celsius, Hot finished hollow sections to EN 10210
# Source file: Celsius-CHS-sectionpropertiesdimensionsproperties-Eurocode3-1_7_2020.xlsx, local copy of the user
# Source SHA256: 156D7C18FF128CD27AF9790AFF1079BA21AC5766363912B6766B7781A925E248
# Brochure file: https://www.tatasteel.com/media/14622/celsius-overview-brochure-all.pdf
# Brochure SHA256: 130ECAC0807BAAE29F4533D5F8A72391F2B68A33FAC843A6A249EB36DF5F172D
# Extracted: 2026-10-02 by tools/section-catalogs/extract_tatasteel_celsius.py
# Units: mm, mm2, mm3, mm4 (It), mm3 (Ct), kg/m (G)
# D: outside diameter, t: wall thickness; I, Wel, Wpl about any axis; It torsion constant, Ct torsion modulus
# InStandard: 1 for the sizes in the EN 10210-2 tables reproduced by Fondazione Promozione Acciaio (EN10210_CircularHollow), 0 for the other sizes of the producer range
# Sizes of the brochure without properties in the workbook: 42.4 x 5, 273 x 17.5, 323.9 x 17.5, 355.6 x 17.5, 406.4 x 17.5, 457 x 17.5, 508 x 17.5; published mass, properties calculated from D and t with the formulas of EN 10210-2, 3 significant figures
Designation,Series,InStandard,G,D,t,A,I,Wel,Wpl,It,Ct
CHS 21.3 x 2.6,CHS,1,1.2,21.3,2.6,153,6810,639,915,13600,1280
CHS 21.3 x 2.9,CHS,0,1.32,21.3,2.9,168,7270,683,990,14500,1370
CHS 21.3 x 3.2,CHS,1,1.43,21.3,3.2,182,7680,722,1060,15400,1440
CHS 26.9 x 2.6,CHS,1,1.56,26.9,2.6,198,14800,1100,1540,29600,2200
CHS 26.9 x 2.9,CHS,0,1.72,26.9,2.9,219,16000,1190,1680,31900,2380
CHS 26.9 x 3.2,CHS,1,1.87,26.9,3.2,238,17000,1270,1810,34100,2530
CHS 26.9 x 3.6,CHS,0,2.07,26.9,3.6,264,18300,1360,1970,36600,2720
CHS 33.7 x 2.6,CHS,1,1.99,33.7,2.6,254,30900,1840,2520,61900,3670
CHS 33.7 x 2.9,CHS,0,2.2,33.7,2.9,281,33600,1990,2760,67100,3980
CHS 33.7 x 3.2,CHS,1,2.41,33.7,3.2,307,36000,2140,2990,72100,4280
CHS 33.7 x 3.6,CHS,0,2.67,33.7,3.6,340,39100,2320,3280,78200,4640
CHS 33.7 x 4,CHS,1,2.93,33.7,4,373,41900,2490,3550,83800,4970
CHS 33.7 x 4.5,CHS,0,3.24,33.7,4.5,413,45000,2670,3870,90100,5350
CHS 42.4 x 2.6,CHS,1,2.55,42.4,2.6,325,64600,3050,4120,129000,6100
CHS 42.4 x 2.9,CHS,0,2.82,42.4,2.9,360,70600,3330,4530,141000,6660
CHS 42.4 x 3.2,CHS,1,3.09,42.4,3.2,394,76200,3590,4930,152000,7190
CHS 42.4 x 3.6,CHS,0,3.44,42.4,3.6,439,83300,3930,5440,167000,7860
CHS 42.4 x 4,CHS,1,3.79,42.4,4,483,89900,4240,5920,180000,8480
CHS 42.4 x 4.5,CHS,0,4.21,42.4,4.5,536,97600,4600,6490,195000,9200
CHS 42.4 x 5,CHS,0,4.61,42.4,5,587,105000,4930,7040,209000,9860
CHS 48.3 x 2.6,CHS,1,2.93,48.3,2.6,373,97800,4050,5440,196000,8100
CHS 48.3 x 2.9,CHS,0,3.25,48.3,2.9,414,107000,4430,5990,214000,8860
CHS 48.3 x 3.2,CHS,1,3.56,48.3,3.2,453,116000,4800,6520,232000,9590
CHS 48.3 x 3.6,CHS,0,3.97,48.3,3.6,506,127000,5260,7210,254000,10500
CHS 48.3 x 4,CHS,1,4.37,48.3,4,557,138000,5700,7870,275000,11400
CHS 48.3 x 4.5,CHS,0,4.86,48.3,4.5,619,150000,6210,8660,300000,12400
CHS 48.3 x 5,CHS,1,5.34,48.3,5,680,162000,6690,9420,323000,13400
CHS 48.3 x 5.6,CHS,0,5.9,48.3,5.6,751,174000,7210,10300,348000,14400
CHS 48.3 x 6.3,CHS,0,6.53,48.3,6.3,831,187000,7760,11200,375000,15500
CHS 60.3 x 2.6,CHS,1,3.7,60.3,2.6,471,197000,6520,8660,393000,13000
CHS 60.3 x 2.9,CHS,0,4.11,60.3,2.9,523,216000,7160,9560,432000,14300
CHS 60.3 x 3.2,CHS,1,4.51,60.3,3.2,574,235000,7780,10400,469000,15600
CHS 60.3 x 3.6,CHS,0,5.03,60.3,3.6,641,259000,8580,11600,517000,17200
CHS 60.3 x 4,CHS,1,5.55,60.3,4,707,282000,9340,12700,563000,18700
CHS 60.3 x 4.5,CHS,0,6.19,60.3,4.5,789,309000,10200,14000,618000,20500
CHS 60.3 x 5,CHS,1,6.82,60.3,5,869,335000,11100,15300,670000,22200
CHS 60.3 x 5.6,CHS,0,7.55,60.3,5.6,962,364000,12100,16800,727000,24100
CHS 60.3 x 6.3,CHS,0,8.39,60.3,6.3,1070,395000,13100,18500,790000,26200
CHS 60.3 x 7.1,CHS,0,9.32,60.3,7.1,1190,427000,14200,20200,855000,28300
CHS 60.3 x 8,CHS,0,10.3,60.3,8,1310,460000,15300,22100,920000,30500
CHS 76.1 x 2.9,CHS,0,5.24,76.1,2.9,667,447000,11800,15500,895000,23500
CHS 76.1 x 3.2,CHS,1,5.75,76.1,3.2,733,488000,12800,17000,976000,25600
CHS 76.1 x 3.6,CHS,0,6.44,76.1,3.6,820,540000,14200,18900,1080000,28400
CHS 76.1 x 4,CHS,1,7.11,76.1,4,906,591000,15500,20800,1180000,31000
CHS 76.1 x 4.5,CHS,0,7.95,76.1,4.5,1010,651000,17100,23100,1300000,34200
CHS 76.1 x 5,CHS,1,8.77,76.1,5,1120,709000,18600,25300,1420000,37300
CHS 76.1 x 5.6,CHS,0,9.74,76.1,5.6,1240,775000,20400,27900,1550000,40800
CHS 76.1 x 6.3,CHS,0,10.8,76.1,6.3,1380,848000,22300,30800,1700000,44600
CHS 76.1 x 7.1,CHS,0,12.1,76.1,7.1,1540,926000,24300,33900,1850000,48700
CHS 76.1 x 8,CHS,0,13.4,76.1,8,1710,1010000,26400,37300,2010000,52900
CHS 88.9 x 3.2,CHS,1,6.76,88.9,3.2,862,792000,17800,23500,1580000,35600
CHS 88.9 x 3.6,CHS,0,7.57,88.9,3.6,965,879000,19800,26200,1760000,39500
CHS 88.9 x 4,CHS,1,8.38,88.9,4,1070,963000,21700,28900,1930000,43300
CHS 88.9 x 4.5,CHS,0,9.37,88.9,4.5,1190,1070000,24000,32100,2130000,47900
CHS 88.9 x 5,CHS,1,10.3,88.9,5,1320,1160000,26200,35200,2330000,52400
CHS 88.9 x 5.6,CHS,0,11.5,88.9,5.6,1470,1280000,28700,38900,2550000,57500
CHS 88.9 x 6.3,CHS,1,12.8,88.9,6.3,1630,1400000,31500,43100,2800000,63100
CHS 88.9 x 7.1,CHS,0,14.3,88.9,7.1,1820,1540000,34600,47600,3080000,69200
CHS 88.9 x 8,CHS,0,16,88.9,8,2030,1680000,37800,52500,3360000,75600
CHS 88.9 x 10,CHS,0,19.5,88.9,10,2480,1960000,44100,62600,3920000,88200
CHS 101.6 x 3.6,CHS,0,8.7,101.6,3.6,1110,1330000,26200,34600,2660000,52500
CHS 101.6 x 4,CHS,1,9.63,101.6,4,1230,1460000,28800,38100,2930000,57600
CHS 101.6 x 4.5,CHS,0,10.8,101.6,4.5,1370,1620000,31900,42500,3240000,63800
CHS 101.6 x 5,CHS,1,11.9,101.6,5,1520,1770000,34900,46700,3550000,69900
CHS 101.6 x 5.6,CHS,0,13.3,101.6,5.6,1690,1950000,38400,51700,3900000,76900
CHS 101.6 x 6.3,CHS,1,14.8,101.6,6.3,1890,2150000,42300,57300,4300000,84700
CHS 101.6 x 7.1,CHS,0,16.5,101.6,7.1,2110,2370000,46600,63500,4730000,93200
CHS 101.6 x 8,CHS,1,18.5,101.6,8,2350,2600000,51100,70300,5190000,102000
CHS 101.6 x 10,CHS,1,22.6,101.6,10,2880,3050000,60100,84200,6110000,120000
CHS 114.3 x 3.6,CHS,0,9.83,114.3,3.6,1250,1920000,33600,44100,3840000,67200
CHS 114.3 x 4,CHS,1,10.9,114.3,4,1390,2110000,36900,48700,4220000,73900
CHS 114.3 x 4.5,CHS,0,12.2,114.3,4.5,1550,2340000,41000,54300,4690000,82000
CHS 114.3 x 5,CHS,1,13.5,114.3,5,1720,2570000,45000,59800,5140000,89900
CHS 114.3 x 5.6,CHS,0,15,114.3,5.6,1910,2830000,49600,66200,5660000,99100
CHS 114.3 x 6.3,CHS,1,16.8,114.3,6.3,2140,3130000,54700,73600,6250000,109000
CHS 114.3 x 7.1,CHS,0,18.8,114.3,7.1,2390,3450000,60400,81700,6900000,121000
CHS 114.3 x 8,CHS,1,21,114.3,8,2670,3790000,66400,90600,7590000,133000
CHS 114.3 x 10,CHS,1,25.7,114.3,10,3280,4500000,78700,109000,8990000,157000
CHS 139.7 x 3.6,CHS,0,12.1,139.7,3.6,1540,3570000,51100,66700,7130000,102000
CHS 139.7 x 4,CHS,1,13.4,139.7,4,1710,3930000,56200,73700,7860000,112000
CHS 139.7 x 4.5,CHS,0,15,139.7,4.5,1910,4370000,62600,82300,8740000,125000
CHS 139.7 x 5,CHS,1,16.6,139.7,5,2120,4810000,68800,90800,9610000,138000
CHS 139.7 x 5.6,CHS,0,18.5,139.7,5.6,2360,5310000,76100,101000,10600000,152000
CHS 139.7 x 6.3,CHS,1,20.7,139.7,6.3,2640,5890000,84300,112000,11800000,169000
CHS 139.7 x 7.1,CHS,0,23.2,139.7,7.1,2960,6520000,93300,125000,13000000,187000
CHS 139.7 x 8,CHS,1,26,139.7,8,3310,7200000,103000,139000,14400000,206000
CHS 139.7 x 10,CHS,1,32,139.7,10,4070,8620000,123000,169000,17200000,247000
CHS 168.3 x 5,CHS,1,20.1,168.3,5,2570,8560000,102000,133000,17100000,203000
CHS 168.3 x 5.6,CHS,0,22.5,168.3,5.6,2860,9480000,113000,148000,19000000,225000
CHS 168.3 x 6.3,CHS,1,25.2,168.3,6.3,3210,10500000,125000,165000,21100000,250000
CHS 168.3 x 7.1,CHS,0,28.2,168.3,7.1,3600,11700000,139000,185000,23400000,278000
CHS 168.3 x 8,CHS,1,31.6,168.3,8,4030,13000000,154000,206000,26000000,308000
CHS 168.3 x 10,CHS,1,39,168.3,10,4970,15600000,186000,251000,31300000,372000
CHS 168.3 x 11,CHS,0,42.7,168.3,11,5440,16900000,201000,273000,33800000,402000
CHS 168.3 x 12.5,CHS,1,48,168.3,12.5,6120,18700000,222000,304000,37400000,444000
CHS 193.7 x 5,CHS,1,23.3,193.7,5,2960,13200000,136000,178000,26400000,273000
CHS 193.7 x 5.6,CHS,0,26,193.7,5.6,3310,14600000,151000,198000,29300000,303000
CHS 193.7 x 6.3,CHS,1,29.1,193.7,6.3,3710,16300000,168000,221000,32600000,337000
CHS 193.7 x 7.1,CHS,0,32.7,193.7,7.1,4160,18100000,187000,247000,36300000,375000
CHS 193.7 x 8,CHS,1,36.6,193.7,8,4670,20200000,208000,276000,40300000,416000
CHS 193.7 x 10,CHS,1,45.3,193.7,10,5770,24400000,252000,338000,48800000,504000
CHS 193.7 x 11,CHS,0,49.6,193.7,11,6310,26400000,273000,368000,52900000,546000
CHS 193.7 x 12.5,CHS,1,55.9,193.7,12.5,7120,29300000,303000,411000,58700000,606000
CHS 193.7 x 14.2,CHS,0,62.9,193.7,14.2,8010,32400000,335000,458000,64900000,670000
CHS 193.7 x 16,CHS,1,70.1,193.7,16,8930,35500000,367000,507000,71100000,734000
CHS 219.1 x 4.5,CHS,0,23.8,219.1,4.5,3030,17500000,159000,207000,34900000,319000
CHS 219.1 x 5,CHS,1,26.4,219.1,5,3360,19300000,176000,229000,38600000,352000
CHS 219.1 x 5.6,CHS,0,29.5,219.1,5.6,3760,21400000,195000,255000,42800000,391000
CHS 219.1 x 6.3,CHS,1,33.1,219.1,6.3,4210,23900000,218000,285000,47700000,436000
CHS 219.1 x 7.1,CHS,0,37.1,219.1,7.1,4730,26600000,243000,319000,53200000,486000
CHS 219.1 x 8,CHS,1,41.6,219.1,8,5310,29600000,270000,357000,59200000,540000
CHS 219.1 x 10,CHS,1,51.6,219.1,10,6570,36000000,328000,438000,72000000,657000
CHS 219.1 x 11,CHS,0,56.5,219.1,11,7190,39000000,356000,477000,78100000,713000
CHS 219.1 x 12.5,CHS,1,63.7,219.1,12.5,8110,43400000,397000,534000,86900000,793000
CHS 219.1 x 14.2,CHS,0,71.8,219.1,14.2,9140,48200000,440000,597000,96400000,880000
CHS 219.1 x 16,CHS,1,80.1,219.1,16,10200,53000000,483000,661000,106000000,967000
CHS 244.5 x 5,CHS,1,29.5,244.5,5,3760,27000000,221000,287000,54000000,441000
CHS 244.5 x 5.6,CHS,0,33,244.5,5.6,4200,30000000,245000,320000,60000000,491000
CHS 244.5 x 6.3,CHS,1,37,244.5,6.3,4710,33500000,274000,358000,66900000,547000
CHS 244.5 x 7.1,CHS,0,41.6,244.5,7.1,5300,37300000,305000,400000,74700000,611000
CHS 244.5 x 8,CHS,1,46.7,244.5,8,5940,41600000,340000,448000,83200000,681000
CHS 244.5 x 10,CHS,1,57.8,244.5,10,7370,50700000,415000,550000,101000000,830000
CHS 244.5 x 11,CHS,0,63.3,244.5,11,8070,55100000,451000,600000,110000000,902000
CHS 244.5 x 12.5,CHS,1,71.5,244.5,12.5,9110,61500000,503000,673000,123000000,1010000
CHS 244.5 x 14.2,CHS,0,80.6,244.5,14.2,10300,68400000,559000,754000,137000000,1120000
CHS 244.5 x 16,CHS,1,90.2,244.5,16,11500,75300000,616000,837000,151000000,1230000
CHS 273 x 5,CHS,1,33,273,5,4210,37800000,277000,359000,75600000,554000
CHS 273 x 5.6,CHS,0,36.9,273,5.6,4700,42100000,308000,400000,84100000,616000
CHS 273 x 6.3,CHS,1,41.4,273,6.3,5280,47000000,344000,448000,93900000,688000
CHS 273 x 7.1,CHS,0,46.6,273,7.1,5930,52400000,384000,502000,105000000,769000
CHS 273 x 8,CHS,1,52.3,273,8,6660,58500000,429000,562000,117000000,857000
CHS 273 x 10,CHS,1,64.9,273,10,8260,71500000,524000,692000,143000000,1050000
CHS 273 x 11,CHS,0,71.1,273,11,9050,77800000,570000,756000,156000000,1140000
CHS 273 x 12.5,CHS,1,80.3,273,12.5,10200,87000000,637000,849000,174000000,1270000
CHS 273 x 14.2,CHS,0,90.6,273,14.2,11500,97000000,710000,952000,194000000,1420000
CHS 273 x 16,CHS,1,101,273,16,12900,107000000,784000,1060000,214000000,1570000
CHS 273 x 17.5,CHS,0,110,273,17.5,14000,115000000,844000,1140000,230000000,1690000
CHS 323.9 x 5,CHS,1,39.3,323.9,5,5010,63700000,393000,509000,127000000,787000
CHS 323.9 x 5.6,CHS,0,44,323.9,5.6,5600,70900000,438000,567000,142000000,876000
CHS 323.9 x 6.3,CHS,1,49.3,323.9,6.3,6290,79300000,490000,636000,159000000,979000
CHS 323.9 x 7.1,CHS,0,55.5,323.9,7.1,7070,88700000,548000,713000,177000000,1100000
CHS 323.9 x 8,CHS,1,62.3,323.9,8,7940,99100000,612000,799000,198000000,1220000
CHS 323.9 x 10,CHS,1,77.4,323.9,10,9860,122000000,751000,986000,243000000,1500000
CHS 323.9 x 11,CHS,0,84.9,323.9,11,10800,132000000,818000,1080000,265000000,1640000
CHS 323.9 x 12.5,CHS,1,96,323.9,12.5,12200,148000000,917000,1210000,297000000,1830000
CHS 323.9 x 14.2,CHS,0,108,323.9,14.2,13800,166000000,1020000,1360000,332000000,2050000
CHS 323.9 x 16,CHS,1,121,323.9,16,15500,184000000,1140000,1520000,368000000,2270000
CHS 323.9 x 17.5,CHS,0,132,323.9,17.5,16800,198000000,1220000,1640000,397000000,2450000
CHS 355.6 x 6.3,CHS,1,54.3,355.6,6.3,6910,105000000,593000,769000,211000000,1190000
CHS 355.6 x 7.1,CHS,0,61,355.6,7.1,7770,118000000,664000,862000,236000000,1330000
CHS 355.6 x 8,CHS,1,68.6,355.6,8,8740,132000000,742000,967000,264000000,1480000
CHS 355.6 x 10,CHS,1,85.2,355.6,10,10900,162000000,912000,1200000,324000000,1820000
CHS 355.6 x 11,CHS,0,93.5,355.6,11,11900,177000000,995000,1310000,354000000,1990000
CHS 355.6 x 12.5,CHS,1,106,355.6,12.5,13500,199000000,1120000,1470000,397000000,2230000
CHS 355.6 x 14.2,CHS,0,120,355.6,14.2,15200,222000000,1250000,1660000,445000000,2500000
CHS 355.6 x 16,CHS,1,134,355.6,16,17100,247000000,1390000,1850000,493000000,2770000
CHS 355.6 x 17.5,CHS,0,146,355.6,17.5,18600,266000000,1500000,2000000,533000000,3000000
CHS 406.4 x 10,CHS,1,97.8,406.4,10,12500,245000000,1200000,1570000,490000000,2410000
CHS 406.4 x 11,CHS,0,107,406.4,11,13700,267000000,1320000,1720000,534000000,2630000
CHS 406.4 x 12.5,CHS,1,121,406.4,12.5,15500,300000000,1480000,1940000,601000000,2960000
CHS 406.4 x 14.2,CHS,0,137,406.4,14.2,17500,337000000,1660000,2180000,674000000,3320000
CHS 406.4 x 16,CHS,1,154,406.4,16,19600,374000000,1840000,2440000,749000000,3690000
CHS 406.4 x 17.5,CHS,0,168,406.4,17.5,21400,405000000,1990000,2650000,810000000,3990000
CHS 457 x 10,CHS,1,110,457,10,14000,351000000,1540000,2000000,702000000,3070000
CHS 457 x 11,CHS,0,121,457,11,15400,383000000,1680000,2190000,767000000,3360000
CHS 457 x 12.5,CHS,1,137,457,12.5,17500,431000000,1890000,2470000,863000000,3780000
CHS 457 x 14.2,CHS,0,155,457,14.2,19800,485000000,2120000,2780000,969000000,4240000
CHS 457 x 16,CHS,1,174,457,16,22200,540000000,2360000,3110000,1080000000,4720000
CHS 457 x 17.5,CHS,0,190,457,17.5,24200,584000000,2560000,3380000,1170000000,5110000
CHS 508 x 10,CHS,1,123,508,10,15600,485000000,1910000,2480000,970000000,3820000
CHS 508 x 11,CHS,0,135,508,11,17200,531000000,2090000,2720000,1060000000,4180000
CHS 508 x 12.5,CHS,1,153,508,12.5,19500,598000000,2350000,3070000,1200000000,4700000
CHS 508 x 14.2,CHS,0,173,508,14.2,22000,672000000,2650000,3460000,1340000000,5290000
CHS 508 x 16,CHS,1,194,508,16,24700,749000000,2950000,3870000,1500000000,5900000
CHS 508 x 17.5,CHS,0,212,508,17.5,27000,812000000,3200000,4210000,1620000000,6390000
