# Catalog: Circular hollow sections, hot finished (CHS)
# Standard (declared by the source): EN 10210-2 (tables reproduced by the source)
# Source: Fondazione Promozione Acciaio, Profili cavi per la costruzione formati a caldo (EN 10210) e a freddo (EN 10219), tables of the standards
# Source file: EN 10210 CHS.pdf (Fondazione Promozione Acciaio, 2005), local copy of the user
# Source SHA256: 92AA2618551E23476AC9F2167FC178E00A28D875092179BCA99AF25263C7BD66
# Extracted: 2026-09-30 by tools/section-catalogs/extract_promozioneacciaio.py
# Units: mm, mm2, mm3, mm4 (It), mm3 (Ct), kg/m (G)
# D: outside diameter, t: wall thickness; I, Wel, Wpl about any axis; It torsion constant, Ct torsion modulus
Designation,Series,InStandard,G,D,t,A,I,Wel,Wpl,It,Ct
CHS 21.3 x 2.3,CHS,1,1.08,21.3,2.3,137,6290,590,834,12600,1180
CHS 21.3 x 2.6,CHS,1,1.2,21.3,2.6,153,6810,639,915,13600,1280
CHS 21.3 x 3.2,CHS,1,1.43,21.3,3.2,182,7680,722,1060,15400,1440
CHS 26.9 x 2.3,CHS,1,1.4,26.9,2.3,178,13600,1010,1400,27100,2020
CHS 26.9 x 2.6,CHS,1,1.56,26.9,2.6,198,14800,1100,1540,29600,2200
CHS 26.9 x 3.2,CHS,1,1.87,26.9,3.2,238,17000,1270,1810,34100,2530
CHS 33.7 x 2.6,CHS,1,1.99,33.7,2.6,254,30900,1840,2520,61900,3670
CHS 33.7 x 3.2,CHS,1,2.41,33.7,3.2,307,36000,2140,2990,72100,4280
CHS 33.7 x 4,CHS,1,2.93,33.7,4,373,41900,2490,3550,83800,4970
CHS 42.4 x 2.6,CHS,1,2.55,42.4,2.6,325,64600,3050,4120,129000,6100
CHS 42.4 x 3.2,CHS,1,3.09,42.4,3.2,394,76200,3590,4930,152000,7190
CHS 42.4 x 4,CHS,1,3.79,42.4,4,483,89900,4240,5920,180000,8480
CHS 48.3 x 2.6,CHS,1,2.93,48.3,2.6,373,97800,4050,5440,196000,8100
CHS 48.3 x 3.2,CHS,1,3.56,48.3,3.2,453,116000,4800,6520,232000,9590
CHS 48.3 x 4,CHS,1,4.37,48.3,4,557,138000,5700,7870,275000,11400
CHS 48.3 x 5,CHS,1,5.34,48.3,5,680,162000,6690,9420,323000,13400
CHS 60.3 x 2.6,CHS,1,3.7,60.3,2.6,471,197000,6520,8660,393000,13000
CHS 60.3 x 3.2,CHS,1,4.51,60.3,3.2,574,235000,7780,10400,469000,15600
CHS 60.3 x 4,CHS,1,5.55,60.3,4,707,282000,9340,12700,563000,18700
CHS 60.3 x 5,CHS,1,6.82,60.3,5,869,335000,11100,15300,670000,22200
CHS 76.1 x 2.6,CHS,1,4.71,76.1,2.6,600,406000,10700,14100,812000,21300
CHS 76.1 x 3.2,CHS,1,5.75,76.1,3.2,733,488000,12800,17000,976000,25600
CHS 76.1 x 4,CHS,1,7.11,76.1,4,906,591000,15500,20800,1180000,31000
CHS 76.1 x 5,CHS,1,8.77,76.1,5,1120,709000,18600,25300,1420000,37300
CHS 88.9 x 3.2,CHS,1,6.76,88.9,3.2,862,792000,17800,23500,1580000,35600
CHS 88.9 x 4,CHS,1,8.38,88.9,4,1070,963000,21700,28900,1930000,43300
CHS 88.9 x 5,CHS,1,10.3,88.9,5,1320,1160000,26200,35200,2330000,52400
CHS 88.9 x 6,CHS,1,12.3,88.9,6,1560,1350000,30400,41300,2700000,60700
CHS 88.9 x 6.3,CHS,1,12.8,88.9,6.3,1630,1400000,31500,43100,2800000,63100
CHS 101.6 x 3.2,CHS,1,7.77,101.6,3.2,989,1200000,23600,31000,2400000,47200
CHS 101.6 x 4,CHS,1,9.63,101.6,4,1230,1460000,28800,38100,2930000,57600
CHS 101.6 x 5,CHS,1,11.9,101.6,5,1520,1770000,34900,46700,3550000,69900
CHS 101.6 x 6,CHS,1,14.1,101.6,6,1800,2070000,40700,54900,4130000,81400
CHS 101.6 x 6.3,CHS,1,14.8,101.6,6.3,1890,2150000,42300,57300,4300000,84700
CHS 101.6 x 8,CHS,1,18.5,101.6,8,2350,2600000,51100,70300,5190000,102000
CHS 101.6 x 10,CHS,1,22.6,101.6,10,2880,3050000,60100,84200,6110000,120000
CHS 114.3 x 3.2,CHS,1,8.77,114.3,3.2,1120,1720000,30200,39500,3450000,60400
CHS 114.3 x 4,CHS,1,10.9,114.3,4,1390,2110000,36900,48700,4220000,73900
CHS 114.3 x 5,CHS,1,13.5,114.3,5,1720,2570000,45000,59800,5140000,89900
CHS 114.3 x 6,CHS,1,16,114.3,6,2040,3000000,52500,70400,6000000,105000
CHS 114.3 x 6.3,CHS,1,16.8,114.3,6.3,2140,3130000,54700,73600,6250000,109000
CHS 114.3 x 8,CHS,1,21,114.3,8,2670,3790000,66400,90600,7590000,133000
CHS 114.3 x 10,CHS,1,25.7,114.3,10,3280,4500000,78700,109000,8990000,157000
CHS 139.7 x 4,CHS,1,13.4,139.7,4,1710,3930000,56200,73700,7860000,112000
CHS 139.7 x 5,CHS,1,16.6,139.7,5,2120,4810000,68800,90800,9610000,138000
CHS 139.7 x 6,CHS,1,19.8,139.7,6,2520,5640000,80800,107000,11290000,162000
CHS 139.7 x 6.3,CHS,1,20.7,139.7,6.3,2640,5890000,84300,112000,11770000,169000
CHS 139.7 x 8,CHS,1,26,139.7,8,3310,7200000,103000,139000,14410000,206000
CHS 139.7 x 10,CHS,1,32,139.7,10,4070,8620000,123000,169000,17240000,247000
CHS 139.7 x 12,CHS,1,37.8,139.7,12,4810,9900000,142000,196000,19800000,283000
CHS 139.7 x 12.5,CHS,1,39.2,139.7,12.5,5000,10200000,146000,203000,20400000,292000
CHS 168.3 x 4,CHS,1,16.2,168.3,4,2060,6970000,82800,108000,13940000,166000
CHS 168.3 x 5,CHS,1,20.1,168.3,5,2570,8560000,102000,133000,17120000,203000
CHS 168.3 x 6,CHS,1,24,168.3,6,3060,10090000,120000,158000,20170000,240000
CHS 168.3 x 6.3,CHS,1,25.2,168.3,6.3,3210,10530000,125000,165000,21070000,250000
CHS 168.3 x 8,CHS,1,31.6,168.3,8,4030,12970000,154000,206000,25950000,308000
CHS 168.3 x 10,CHS,1,39,168.3,10,4970,15640000,186000,251000,31280000,372000
CHS 168.3 x 12,CHS,1,46.3,168.3,12,5890,18100000,215000,294000,36200000,430000
CHS 168.3 x 12.5,CHS,1,48,168.3,12.5,6120,18680000,222000,304000,37370000,444000
CHS 177.8 x 5,CHS,1,21.3,177.8,5,2710,10140000,114000,149000,20280000,228000
CHS 177.8 x 6,CHS,1,25.4,177.8,6,3240,11960000,135000,177000,23920000,269000
CHS 177.8 x 6.3,CHS,1,26.6,177.8,6.3,3390,12500000,141000,185000,24990000,281000
CHS 177.8 x 8,CHS,1,33.5,177.8,8,4270,15410000,173000,231000,30830000,347000
CHS 177.8 x 10,CHS,1,41.4,177.8,10,5270,18620000,209000,282000,37240000,419000
CHS 177.8 x 12,CHS,1,49.1,177.8,12,6250,21590000,243000,330000,43180000,486000
CHS 177.8 x 12.5,CHS,1,51,177.8,12.5,6490,22300000,251000,342000,44600000,502000
CHS 193.7 x 5,CHS,1,23.3,193.7,5,2960,13200000,136000,178000,26400000,273000
CHS 193.7 x 6,CHS,1,27.8,193.7,6,3540,15600000,161000,211000,31190000,322000
CHS 193.7 x 6.3,CHS,1,29.1,193.7,6.3,3710,16300000,168000,221000,32600000,337000
CHS 193.7 x 8,CHS,1,36.6,193.7,8,4670,20160000,208000,276000,40310000,416000
CHS 193.7 x 10,CHS,1,45.3,193.7,10,5770,24420000,252000,338000,48830000,504000
CHS 193.7 x 12,CHS,1,53.8,193.7,12,6850,28390000,293000,397000,56780000,586000
CHS 193.7 x 12.5,CHS,1,55.9,193.7,12.5,7120,29340000,303000,411000,58690000,606000
CHS 193.7 x 16,CHS,1,70.1,193.7,16,8930,35540000,367000,507000,71090000,734000
CHS 219.1 x 5,CHS,1,26.4,219.1,5,3360,19280000,176000,229000,38560000,352000
CHS 219.1 x 6,CHS,1,31.5,219.1,6,4020,22820000,208000,273000,45640000,417000
CHS 219.1 x 6.3,CHS,1,33.1,219.1,6.3,4210,23860000,218000,285000,47720000,436000
CHS 219.1 x 8,CHS,1,41.6,219.1,8,5310,29600000,270000,357000,59190000,540000
CHS 219.1 x 10,CHS,1,51.6,219.1,10,6570,35980000,328000,438000,71970000,657000
CHS 219.1 x 12,CHS,1,61.3,219.1,12,7810,42000000,383000,515000,84000000,767000
CHS 219.1 x 12.5,CHS,1,63.7,219.1,12.5,8110,43450000,397000,534000,86890000,793000
CHS 219.1 x 16,CHS,1,80.1,219.1,16,10200,52970000,483000,661000,105930000,967000
CHS 219.1 x 20,CHS,1,98.2,219.1,20,12500,62610000,572000,795000,125230000,1143000
CHS 244.5 x 5,CHS,1,29.5,244.5,5,3760,26990000,221000,287000,53970000,441000
CHS 244.5 x 6,CHS,1,35.3,244.5,6,4500,31990000,262000,341000,63970000,523000
CHS 244.5 x 6.3,CHS,1,37,244.5,6.3,4710,33460000,274000,358000,66920000,547000
CHS 244.5 x 8,CHS,1,46.7,244.5,8,5940,41600000,340000,448000,83210000,681000
CHS 244.5 x 10,CHS,1,57.8,244.5,10,7370,50730000,415000,550000,101460000,830000
CHS 244.5 x 12,CHS,1,68.8,244.5,12,8770,59380000,486000,649000,118770000,972000
CHS 244.5 x 12.5,CHS,1,71.5,244.5,12.5,9110,61470000,503000,673000,122950000,1006000
CHS 244.5 x 16,CHS,1,90.2,244.5,16,11500,75330000,616000,837000,150660000,1232000
CHS 244.5 x 20,CHS,1,111,244.5,20,14100,89570000,733000,1011000,179140000,1465000
CHS 244.5 x 25,CHS,1,135,244.5,25,17200,105170000,860000,1210000,210340000,1721000
CHS 273 x 5,CHS,1,33,273,5,4210,37810000,277000,359000,75620000,554000
CHS 273 x 6,CHS,1,39.5,273,6,5030,44870000,329000,428000,89740000,657000
CHS 273 x 6.3,CHS,1,41.4,273,6.3,5280,46960000,344000,448000,93920000,688000
CHS 273 x 8,CHS,1,52.3,273,8,6660,58520000,429000,562000,117030000,857000
CHS 273 x 10,CHS,1,64.9,273,10,8260,71540000,524000,692000,143080000,1048000
CHS 273 x 12,CHS,1,77.2,273,12,9840,83960000,615000,818000,167920000,1230000
CHS 273 x 12.5,CHS,1,80.3,273,12.5,10200,86970000,637000,849000,173950000,1274000
CHS 273 x 16,CHS,1,101,273,16,12900,107070000,784000,1058000,214140000,1569000
CHS 273 x 20,CHS,1,125,273,20,15900,127980000,938000,1283000,255970000,1875000
CHS 273 x 25,CHS,1,153,273,25,19500,151270000,1108000,1543000,302540000,2216000
CHS 323.9 x 5,CHS,1,39.3,323.9,5,5010,63690000,393000,509000,127390000,787000
CHS 323.9 x 6,CHS,1,47,323.9,6,5990,75720000,468000,606000,151450000,935000
CHS 323.9 x 6.3,CHS,1,49.3,323.9,6.3,6290,79290000,490000,636000,158580000,979000
CHS 323.9 x 8,CHS,1,62.3,323.9,8,7940,99100000,612000,799000,198200000,1224000
CHS 323.9 x 10,CHS,1,77.4,323.9,10,9860,121580000,751000,986000,243170000,1501000
CHS 323.9 x 12,CHS,1,92.3,323.9,12,11800,143200000,884000,1168000,286390000,1768000
CHS 323.9 x 12.5,CHS,1,96,323.9,12.5,12200,148470000,917000,1213000,296930000,1833000
CHS 323.9 x 16,CHS,1,121,323.9,16,15500,183900000,1136000,1518000,367800000,2271000
CHS 323.9 x 20,CHS,1,150,323.9,20,19100,221390000,1367000,1850000,442780000,2734000
CHS 323.9 x 25,CHS,1,184,323.9,25,23500,264000000,1630000,2239000,528000000,3260000
CHS 355.6 x 6,CHS,1,51.7,355.6,6,6590,100710000,566000,733000,201410000,1133000
CHS 355.6 x 6.3,CHS,1,54.3,355.6,6.3,6910,105470000,593000,769000,210940000,1186000
CHS 355.6 x 8,CHS,1,68.6,355.6,8,8740,132010000,742000,967000,264030000,1485000
CHS 355.6 x 10,CHS,1,85.2,355.6,10,10900,162230000,912000,1195000,324470000,1825000
CHS 355.6 x 12,CHS,1,102,355.6,12,13000,191390000,1076000,1417000,382790000,2153000
CHS 355.6 x 12.5,CHS,1,106,355.6,12.5,13500,198520000,1117000,1472000,397040000,2233000
CHS 355.6 x 16,CHS,1,134,355.6,16,17100,246630000,1387000,1847000,493260000,2774000
CHS 355.6 x 20,CHS,1,166,355.6,20,21100,297920000,1676000,2255000,595830000,3351000
CHS 355.6 x 25,CHS,1,204,355.6,25,26000,356770000,2007000,2738000,713530000,4013000
CHS 406.4 x 6,CHS,1,59.2,406.4,6,7550,151280000,745000,962000,302570000,1489000
CHS 406.4 x 6.3,CHS,1,62.2,406.4,6.3,7920,158490000,780000,1009000,316990000,1560000
CHS 406.4 x 8,CHS,1,78.6,406.4,8,10000,198740000,978000,1270000,397480000,1956000
CHS 406.4 x 10,CHS,1,97.8,406.4,10,12500,244760000,1205000,1572000,489520000,2409000
CHS 406.4 x 12,CHS,1,117,406.4,12,14900,289370000,1424000,1867000,578740000,2848000
CHS 406.4 x 12.5,CHS,1,121,406.4,12.5,15500,300310000,1478000,1940000,600610000,2956000
CHS 406.4 x 16,CHS,1,154,406.4,16,19600,374490000,1843000,2440000,748980000,3686000
CHS 406.4 x 20,CHS,1,191,406.4,20,24300,454320000,2236000,2989000,908640000,4472000
CHS 406.4 x 25,CHS,1,235,406.4,25,30000,547020000,2692000,3642000,1094040000,5384000
CHS 406.4 x 30,CHS,1,278,406.4,30,35500,632240000,3111000,4259000,1264470000,6223000
CHS 406.4 x 40,CHS,1,361,406.4,40,46000,781860000,3848000,5391000,1563730000,7696000
CHS 457 x 6,CHS,1,66.7,457,6,8500,216180000,946000,1220000,432360000,1892000
CHS 457 x 6.3,CHS,1,70,457,6.3,8920,226540000,991000,1280000,453080000,1983000
CHS 457 x 8,CHS,1,88.6,457,8,11300,284460000,1245000,1613000,568930000,2490000
CHS 457 x 10,CHS,1,110,457,10,14000,350910000,1536000,1998000,701830000,3071000
CHS 457 x 12,CHS,1,132,457,12,16800,415560000,1819000,2377000,831130000,3637000
CHS 457 x 12.5,CHS,1,137,457,12.5,17500,431450000,1888000,2470000,862900000,3776000
CHS 457 x 16,CHS,1,174,457,16,22200,539590000,2361000,3113000,1079190000,4723000
CHS 457 x 20,CHS,1,216,457,20,27500,656810000,2874000,3822000,1313630000,5749000
CHS 457 x 25,CHS,1,266,457,25,33900,794150000,3475000,4671000,1588300000,6951000
CHS 457 x 30,CHS,1,316,457,30,40200,921730000,4034000,5479000,1843460000,8068000
CHS 457 x 40,CHS,1,411,457,40,52400,1149490000,5031000,6977000,2298980000,10061000
CHS 457 x 50,CHS,1,502,457,50,63900,1343750000,5881000,8324000,2687500000,11761000
CHS 508 x 6,CHS,1,74.3,508,6,9460,298120000,1174000,1512000,596230000,2347000
CHS 508 x 6.3,CHS,1,77.9,508,6.3,9930,312460000,1230000,1586000,624930000,2460000
CHS 508 x 8,CHS,1,98.6,508,8,12600,392800000,1546000,2000000,785600000,3093000
CHS 508 x 10,CHS,1,123,508,10,15600,485200000,1910000,2480000,970400000,3820000
CHS 508 x 12,CHS,1,147,508,12,18700,575360000,2265000,2953000,1150720000,4530000
CHS 508 x 12.5,CHS,1,153,508,12.5,19500,597550000,2353000,3070000,1195110000,4705000
CHS 508 x 16,CHS,1,194,508,16,24700,749090000,2949000,3874000,1498180000,5898000
CHS 508 x 20,CHS,1,241,508,20,30700,914280000,3600000,4766000,1828560000,7199000
CHS 508 x 25,CHS,1,298,508,25,37900,1109180000,4367000,5837000,2218370000,8734000
CHS 508 x 30,CHS,1,354,508,30,45100,1291730000,5086000,6864000,2583460000,10171000
CHS 508 x 40,CHS,1,462,508,40,58800,1621880000,6385000,8782000,3243760000,12771000
CHS 508 x 50,CHS,1,565,508,50,71900,1908850000,7515000,10530000,3817700000,15030000
CHS 610 x 6,CHS,1,89.4,610,6,11400,519240000,1702000,2189000,1038470000,3405000
CHS 610 x 6.3,CHS,1,93.8,610,6.3,11900,544390000,1785000,2296000,1088780000,3570000
CHS 610 x 8,CHS,1,119,610,8,15100,685510000,2248000,2899000,1371030000,4495000
CHS 610 x 10,CHS,1,148,610,10,18800,848460000,2782000,3600000,1696930000,5564000
CHS 610 x 12,CHS,1,177,610,12,22500,1008140000,3305000,4292000,2016270000,6611000
CHS 610 x 12.5,CHS,1,184,610,12.5,23500,1047550000,3435000,4463000,2095090000,6869000
CHS 610 x 16,CHS,1,234,610,16,29900,1317810000,4321000,5647000,2635630000,8641000
CHS 610 x 20,CHS,1,291,610,20,37100,1614900000,5295000,6965000,3229790000,10589000
CHS 610 x 25,CHS,1,361,610,25,45900,1969060000,6456000,8561000,3938130000,12912000
CHS 610 x 30,CHS,1,429,610,30,54700,2304760000,7557000,10101000,4609520000,15113000
CHS 610 x 40,CHS,1,562,610,40,71600,2923330000,9585000,13017000,5846660000,19169000
CHS 610 x 50,CHS,1,691,610,50,88000,3475700000,11396000,15722000,6951400000,22791000
CHS 711 x 6,CHS,1,104,711,6,13300,825680000,2323000,2982000,1651350000,4645000
CHS 711 x 6.3,CHS,1,109,711,6.3,13900,865860000,2436000,3129000,1731720000,4871000
CHS 711 x 8,CHS,1,139,711,8,17700,1091620000,3071000,3954000,2183240000,6141000
CHS 711 x 10,CHS,1,173,711,10,22000,1353010000,3806000,4914000,2706030000,7612000
CHS 711 x 12,CHS,1,207,711,12,26400,1609910000,4529000,5864000,3219810000,9057000
CHS 711 x 12.5,CHS,1,215,711,12.5,27400,1673430000,4707000,6099000,3346860000,9415000
CHS 711 x 16,CHS,1,274,711,16,34900,2110400000,5936000,7730000,4220800000,11873000
CHS 711 x 20,CHS,1,341,711,20,43400,2593510000,7295000,9552000,5187020000,14591000
CHS 711 x 25,CHS,1,423,711,25,53900,3173570000,8927000,11770000,6347150000,17854000
CHS 711 x 30,CHS,1,504,711,30,64200,3727900000,10486000,13922000,7455800000,20973000
CHS 711 x 40,CHS,1,662,711,40,84300,4762420000,13396000,18031000,9524850000,26793000
CHS 711 x 50,CHS,1,815,711,50,103800,5703110000,16043000,21888000,11406230000,32085000
CHS 711 x 60,CHS,1,963,711,60,122700,6555820000,18441000,25500000,13111660000,36882000
CHS 762 x 6,CHS,1,112,762,6,14300,1018130000,2672000,3429000,2036260000,5345000
CHS 762 x 6.3,CHS,1,117,762,6.3,15000,1067770000,2803000,3598000,2135550000,5605000
CHS 762 x 8,CHS,1,149,762,8,19000,1346830000,3535000,4548000,2693660000,7070000
CHS 762 x 10,CHS,1,185,762,10,23600,1670280000,4384000,5655000,3340570000,8768000
CHS 762 x 12,CHS,1,222,762,12,28300,1988550000,5219000,6751000,3977100000,10439000
CHS 762 x 12.5,CHS,1,231,762,12.5,29400,2067310000,5426000,7023000,4134620000,10852000
CHS 762 x 16,CHS,1,294,762,16,37500,2609730000,6850000,8906000,5219470000,13699000
CHS 762 x 20,CHS,1,366,762,20,46600,3210830000,8427000,11014000,6421660000,16855000
CHS 762 x 25,CHS,1,454,762,25,57900,3934610000,10327000,13584000,7869220000,20654000
CHS 762 x 30,CHS,1,542,762,30,69000,4628530000,12148000,16084000,9257060000,24297000
CHS 762 x 40,CHS,1,712,762,40,90700,5930100000,15565000,20873000,11860210000,31129000
CHS 762 x 50,CHS,1,878,762,50,111800,7122070000,18693000,25389000,14244140000,37386000
CHS 813 x 8,CHS,1,159,813,8,20200,1639000000,4032000,5184000,3278010000,8064000
CHS 813 x 10,CHS,1,198,813,10,25200,2033640000,5003000,6448000,4067280000,10006000
CHS 813 x 12,CHS,1,237,813,12,30200,2422340000,5959000,7700000,4844690000,11918000
CHS 813 x 12.5,CHS,1,247,813,12.5,31400,2518600000,6196000,8011000,5037210000,12392000
CHS 813 x 16,CHS,1,314,813,16,40100,3182210000,7828000,10165000,6364430000,15657000
CHS 813 x 20,CHS,1,391,813,20,49800,3919090000,9641000,12580000,7838190000,19282000
CHS 813 x 25,CHS,1,486,813,25,61900,4808560000,11829000,15529000,9617130000,23658000
CHS 813 x 30,CHS,1,579,813,30,73800,5663740000,13933000,18402000,11327480000,27866000
CHS 914 x 8,CHS,1,179,914,8,22800,2336510000,5113000,6567000,4673030000,10225000
CHS 914 x 10,CHS,1,223,914,10,28400,2901470000,6349000,8172000,5802940000,12698000
CHS 914 x 12,CHS,1,267,914,12,34000,3458890000,7569000,9764000,6917790000,15137000
CHS 914 x 12.5,CHS,1,278,914,12.5,35400,3597080000,7871000,10159000,7194170000,15742000
CHS 914 x 16,CHS,1,354,914,16,45100,4551410000,9959000,12904000,9102840000,19919000
CHS 914 x 20,CHS,1,441,914,20,56200,5614610000,12286000,15987000,11229220000,24572000
CHS 914 x 25,CHS,1,548,914,25,69800,6903160000,15105000,19763000,13806340000,30211000
CHS 914 x 30,CHS,1,654,914,30,83300,8147750000,17829000,23453000,16295500000,35658000
CHS 1016 x 8,CHS,1,199,1016,8,25300,3217800000,6334000,8129000,6435600000,12668000
CHS 1016 x 10,CHS,1,248,1016,10,31600,3998490000,7871000,10121000,7996990000,15742000
CHS 1016 x 12,CHS,1,297,1016,12,37800,4769840000,9389000,12097000,9539690000,18779000
CHS 1016 x 12.5,CHS,1,309,1016,12.5,39400,4961230000,9766000,12588000,9922460000,19532000
CHS 1016 x 16,CHS,1,395,1016,16,50300,6284790000,12372000,16001000,12569590000,24743000
CHS 1016 x 20,CHS,1,491,1016,20,62600,7763230000,15282000,19843000,15526480000,30564000
CHS 1016 x 25,CHS,1,611,1016,25,77800,9560860000,18821000,24557000,19121730000,37641000
CHS 1016 x 30,CHS,1,729,1016,30,92900,11303510000,22251000,29175000,22607040000,44502000
CHS 1067 x 10,CHS,1,261,1067,10,33200,4637920000,8693000,11173000,9275850000,17387000
CHS 1067 x 12,CHS,1,312,1067,12,39800,5534190000,10373000,13357000,11068400000,20747000
CHS 1067 x 12.5,CHS,1,325,1067,12.5,41400,5756660000,10790000,13900000,11513320000,21581000
CHS 1067 x 16,CHS,1,415,1067,16,52800,7296060000,13676000,17675000,14592130000,27352000
CHS 1067 x 20,CHS,1,516,1067,20,65800,9017540000,16903000,21927000,18035090000,33805000
CHS 1067 x 25,CHS,1,642,1067,25,81800,11113540000,20831000,27149000,22227110000,41663000
CHS 1067 x 30,CHS,1,767,1067,30,97700,13148630000,24646000,32270000,26297270000,49292000
CHS 1168 x 10,CHS,1,286,1168,10,36400,6098420000,10443000,13410000,12196860000,20885000
CHS 1168 x 12,CHS,1,342,1168,12,43600,7280500000,12467000,16037000,14561010000,24933000
CHS 1168 x 12.5,CHS,1,356,1168,12.5,45400,7574090000,12969000,16690000,15148180000,25939000
CHS 1168 x 16,CHS,1,455,1168,16,57900,9607730000,16452000,21235000,19215470000,32903000
CHS 1168 x 20,CHS,1,566,1168,20,72100,11886310000,20353000,26361000,23772640000,40707000
CHS 1168 x 25,CHS,1,705,1168,25,89800,14667160000,25115000,32666000,29334340000,50230000
CHS 1219 x 10,CHS,1,298,1219,10,38000,6940140000,11387000,14617000,13880290000,22773000
CHS 1219 x 12,CHS,1,357,1219,12,45500,8287160000,13597000,17483000,16574330000,27193000
CHS 1219 x 12.5,CHS,1,372,1219,12.5,47400,8621800000,14146000,18196000,17243620000,28291000
CHS 1219 x 16,CHS,1,475,1219,16,60500,10940910000,17951000,23157000,21881830000,35901000
CHS 1219 x 20,CHS,1,591,1219,20,75300,13541530000,22217000,28755000,27083090000,44435000
CHS 1219 x 25,CHS,1,736,1219,25,93800,16718710000,27430000,35646000,33437460000,54860000
