# Catalog: Parallel flange I and H sections (IPE, HE, HL, HLZ, HD, HP, UBP, UB, UC)
# Standard (declared by the source): EN 10365:2017 (dimensions), EN 10034:1993 (tolerances)
# Source: ArcelorMittal Europe - Long Products, Sections and Merchant Bars, Sales Programme, version 2026-1, sheet "EN sections"
# Source file: https://sections.arcelormittal.com/repo/Sections/Sections%20and%20Merchant%20Bars-ArcelorMittal_V2026-1.xlsx
# Source SHA256: 84D01778D48973BC03670C77DBE6E17141B20F1BE449DC614F26CCEEE283C5B9
# Extracted: 2026-09-30 by tools/section-catalogs/extract_arcelormittal.py
# Units: mm, mm2, mm3, mm4, mm6 (Iw), kg/m (G); properties as published by the source, axes y-y strong, z-z weak
# InStandard: 0 for the sections marked 'Additional section to the standard' by the source (producer range)
# Designations as published, with the decimal commas written as points (HD 320 x 97,6 -> HD 320 x 97.6)
Designation,Series,InStandard,G,h,b,tw,tf,r,A,Iy,Wely,Wply,Avz,Iz,Welz,Wplz,It,Iw
IPE 750 x 220,IPE,0,220,779,266,16.5,30,20,28070,2793900000,7173000,8231000,13900,94430000,710000,1114000,6205000,13190000000000
IPE 750 x 196,IPE,1,196,770,268,15.6,25.4,20,25080,2414700000,6271000,7207000,12970,81770000,610200,960100,4165000,11290000000000
IPE 750 x 173,IPE,1,173,762,267,14.4,21.6,20,22130,2070100000,5433000,6251000,11860,68750000,515000,811100,2787000,9390000000000
IPE 750 x 147,IPE,1,147,753,265,13.2,17,20,18750,1672500000,4442000,5143000,10730,52910000,399300,632000,1632000,7140000000000
IPE 750 x 134,IPE,1,134,750,264,12,15.5,20,17060,1518900000,4050000,4678000,9777,47670000,361200,569600,1249000,6410000000000
IPE V 600,IPE V,1,184,618,228,18,28,24,23380,1415800000,4581000,5324000,12450,55690000,488500,780300,5058000,4813000000000
IPE O 600,IPE O,1,154,610,224,15,24,24,19680,1183000000,3878000,4471000,10430,45200000,403600,640000,3163000,3859000000000
IPE 600,IPE,1,122,600,220,12,19,24,15600,920800000,3069000,3512000,8378,33870000,307900,485600,1652000,2845000000000
IPE A 600,IPE A,1,108,597,220,9.8,17.5,24,13700,829100000,2777000,3141000,7013,31160000,283200,442000,1221000,2607000000000
IPE O 550,IPE O,1,123,556,212,12.7,20.2,24,15610,791500000,2847000,3263000,8268,32240000,304100,480500,1871000,2302000000000
IPE 550,IPE,1,106,550,210,11.1,17.2,24,13440,671100000,2440000,2787000,7234,26670000,254000,400500,1228000,1884000000000
IPE A 550,IPE A,1,92.1,547,210,9,15.7,24,11730,599700000,2193000,2474000,6029,24320000,231600,361500,892900,1710000000000
IPE AA 550,IPE AA,0,79.5,541,210,8.5,12.5,24,10130,495500000,1831000,2078000,5586,19370000,184500,289600,561800,1347000000000
IPE V 500,IPE V,1,129,514,204,14.2,23,21,16410,707100000,2751000,3168000,8316,32710000,320700,506600,2415000,1961000000000
IPE O 500,IPE O,1,107,506,202,12,19,21,13670,577700000,2283000,2612000,7020,26210000,259500,408500,1427000,1547000000000
IPE 500,IPE,1,90.7,500,200,10.2,16,21,11550,481900000,1927000,2194000,5987,21410000,214100,335800,890900,1249000000000
IPE A 500,IPE A,1,79.4,497,200,8.4,14.5,21,10110,429300000,1727000,1946000,5040,19390000,193900,301600,642800,1125000000000
IPE V 450,IPE V,1,107,460,194,12.4,19.6,21,13200,462000000,2008000,2301000,6662,23960000,247100,389100,1488000,1156000000000
IPE O 450,IPE O,1,92.4,456,192,11,17.6,21,11770,409200000,1794000,2046000,5940,20850000,217200,340900,1089000,997500000000
IPE 450,IPE,1,77.6,450,190,9.4,14.6,21,9880,337400000,1499000,1701000,5084,16750000,176400,276300,667400,791000000000
IPE A 450,IPE A,1,67.2,447,190,7.6,13.1,21,8560,297500000,1331000,1494000,4226,15020000,158100,245700,471300,704800000000
IPE V 400,IPE V,1,84,408,182,10.6,17.5,21,10700,301300000,1477000,1681000,5252,17660000,194100,304000,995800,670300000000
IPE O 400,IPE O,1,75.7,404,182,9.7,15.5,21,9640,267400000,1324000,1502000,4798,15640000,171800,269000,733400,587600000000
IPE 400,IPE,1,66.3,400,180,8.6,13.5,21,8450,231200000,1156000,1307000,4269,13170000,146400,229000,512700,490000000000
IPE A 400,IPE A,1,57.4,397,180,7,12,21,7310,202900000,1022000,1143000,3577,11700000,130000,202000,361600,432200000000
IPE O 360,IPE O,1,66,364,172,9.2,14.7,18,8410,190400000,1046000,1186000,4020,12510000,145400,226900,557400,380200000000
IPE 360,IPE,1,57.1,360,170,8,12.7,18,7270,162600000,903600,1019000,3513,10430000,122700,191000,374400,313500000000
IPE A 360,IPE A,1,50.2,357.6,170,6.6,11.5,18,6400,145100000,811800,906700,2976,9442000,111000,171800,273600,281900000000
IPE O 330,IPE O,1,57,334,162,8.5,13.5,18,7260,139100000,832900,942700,3488,9603000,118500,184900,422000,245600000000
IPE 330,IPE,1,49.1,330,160,7.5,11.5,18,6260,117600000,713100,804300,3080,7881000,98510,153600,280600,199000000000
IPE A 330,IPE A,1,43,327,160,6.5,10,18,5470,102300000,625700,701900,2698,6851000,85640,133200,196300,171500000000
IPE O 300,IPE O,1,49.3,304,152,8,12.7,15,6280,99940000,657500,743800,2904,7457000,98120,152500,309700,157600000000
IPE 300,IPE,1,42.2,300,150,7.1,10.7,15,5380,83560000,557000,628300,2568,6037000,80500,125200,199100,125900000000
IPE A 300,IPE A,1,36.5,297,150,6.1,9.2,15,4650,71730000,483000,541700,2224,5189000,69190,107300,133400,107100000000
IPE O 270,IPE O,1,42.3,274,136,7.5,12.2,15,5380,69470000,507000,574600,2522,5134000,75510,117700,249800,87640000000
IPE 270,IPE,1,36.1,270,135,6.6,10.2,15,4590,57890000,428800,483900,2213,4198000,62200,96950,159000,70570000000
IPE A 270,IPE A,1,30.7,267,135,5.5,8.7,15,3920,49170000,368300,412400,1874,3579000,53030,82340,104100,59500000000
IPE O 240,IPE O,1,34.3,242,122,7,10.8,15,4370,43690000,361000,410200,2135,3285000,53850,84390,170900,43670000000
IPE 240,IPE,1,30.7,240,120,6.2,9.8,15,3910,38910000,324300,366600,1914,2836000,47270,73920,129500,37390000000
IPE A 240,IPE A,1,26.2,237,120,5.2,8.3,15,3330,32900000,277600,311500,1631,2401000,40020,62390,85030,31250000000
IPE AA 240,IPE AA,1,24.9,236.4,120,4.8,8,15,3170,31530000,266800,298100,1529,2313000,38560,59980,76080,30040000000
IPE O 220,IPE O,1,29.4,222,112,6.6,10.2,12,3740,31340000,282300,321100,1766,2398000,42820,66900,121600,26780000000
IPE 220,IPE,1,26.2,220,110,5.9,9.2,12,3340,27710000,251900,285400,1588,2048000,37250,58110,90300,22670000000
IPE A 220,IPE A,1,22.2,217,110,5,7.7,12,2830,23160000,213500,240200,1354,1714000,31160,48480,56790,18700000000
IPE AA 220,IPE AA,1,21.2,216.4,110,4.7,7.4,12,2700,22180000,205000,230000,1283,1647000,29940,46500,50560,17920000000
IPE O 200,IPE O,1,25.1,202,102,6.2,9.5,12,3200,22110000,218900,249400,1545,1688000,33110,51890,93570,15560000000
IPE 200,IPE,1,22.4,200,100,5.6,8.5,12,2850,19430000,194300,220600,1400,1423000,28470,44610,69150,12980000000
IPE A 200,IPE A,1,18.4,197,100,4.5,7,12,2350,15910000,161500,181600,1146,1171000,23430,36530,41350,10520000000
IPE AA 200,IPE AA,1,18,196.4,100,4.5,6.7,12,2290,15330000,156100,175700,1138,1121000,22430,35030,38080,10040000000
IPE O 180,IPE O,1,21.3,182,92,6,9,9,2710,15050000,165400,189100,1269,1172000,25490,39910,66470,8739000000
IPE 180,IPE,1,18.8,180,91,5.3,8,9,2390,13160000,146300,166400,1125,1008000,22160,34590,47260,7431000000
IPE A 180,IPE A,1,15.4,177,91,4.3,6.5,9,1960,10620000,120000,135300,919.6,818800,17990,27960,26730,5933000000
IPE AA 180,IPE AA,1,14.9,176.4,91,4.3,6.2,9,1900,10200000,115600,130500,912.9,781100,17160,26710,24310,5639000000
IPE 160,IPE,1,15.8,160,82,5,7.4,9,2010,8692000,108600,123800,965.7,683100,16660,26090,35400,3958000000
IPE A 160,IPE A,1,12.7,157,82,4,5.9,9,1620,6892000,87800,99090,780.1,544200,13270,20690,19340,3094000000
IPE AA 160,IPE AA,1,12.3,156.4,82,4,5.6,9,1570,6590000,84280,95230,773.5,516600,12600,19680,17490,2925000000
IPE 140,IPE,1,12.9,140,73,4.7,6.9,7,1640,5412000,77310,88340,764.2,449100,12300,19240,23990,1981000000
IPE A 140,IPE A,1,10.5,137.4,73,3.8,5.6,7,1340,4348000,63290,71590,621.3,364200,9979,15520,13380,1576000000
IPE AA 140,IPE AA,1,10.1,136.6,73,3.8,5.2,7,1280,4074000,59650,67590,614.1,338300,9268,14450,11530,1455000000
IPE 120,IPE,1,10.4,120,64,4.4,6.3,7,1320,3177000,52950,60720,630.5,276600,8646,13580,16900,889000000
IPE A 120,IPE A,1,8.7,117.6,64,3.8,5.1,7,1100,2573000,43760,49870,540.9,223800,6996,10970,9960,705000000
IPE AA 120,IPE AA,1,8.4,117,64,3.8,4.8,7,1070,2441000,41730,47610,535.6,210700,6586,10360,8890,660000000
IPE 100,IPE,1,8.1,100,55,4.1,5.7,7,1030,1710000,34200,39400,508.4,159100,5788,9145,11570,351000000
IPE A 100,IPE A,1,6.9,98,55,3.6,4.7,7,880,1411000,28800,32980,443.7,131200,4771,7537,7260,283000000
IPE AA 100,IPE AA,1,6.7,97.6,55,3.6,4.5,7,860,1358000,27840,31900,440.2,125600,4569,7234,6720,270000000
IPE 80,IPE,1,6,80,46,3.8,5.2,5,760,801300,20030,23210,357.7,84890,3690,5817,6720,117000000
IPE A 80,IPE A,1,5,78,46,3.3,4.2,5,640,643700,16500,18970,307,68520,2979,4692,3920,92000000
IPE AA 80,IPE AA,1,4.9,78,46,3.2,4.2,5,630,640900,16430,18850,299.6,68500,2978,4680,3830,92000000
HE 1000 x 584,HE,1,584,1056,314,36,64,30,74370,12460700000,23590000,28030000,40320,334300000,2129000,3474000,71530000,81240000000000
HE 1000 x 494,HE,1,494,1036,309,31,54,30,62910,10279500000,19840000,23410000,34450,268200000,1736000,2818000,43950000,64010000000000
HE 1000 x 438,HE,1,438,1026,305,26.9,49,30,55600,9091700000,17720000,20740000,29990,233500000,1531000,2462000,31810000,55290000000000
HE 1000 x 415,HE,1,415,1020,304,26,46,30,52870,8531200000,16720000,19570000,28850,217000000,1428000,2297000,27030000,51080000000000
HE 1000 x 393,HE,1,393,1016,303,24.4,43.9,30,50020,8076800000,15890000,18530000,27120,204900000,1352000,2167000,23290000,48080000000000
HE 1000 M,HE M,1,349,1008,302,21,40,30,44420,7222900000,14330000,16560000,23500,184500000,1222000,1939000,17120000,43010000000000
HE 1000 B,HE B,1,314,1000,300,19,36,30,40000,6447400000,12890000,14850000,21240,162700000,1085000,1716000,12670000,37630000000000
HE 1000 A,HE A,1,272,990,300,16.5,31,30,34680,5538400000,11180000,12820000,18450,140000000,933600,1469000,8348000,32070000000000
HE 1000 x 249,HE,1,249,980,300,16.5,26,30,31680,4810700000,9817000,11340000,18070,117500000,783600,1244000,5819000,26620000000000
HE 1000 AA,HE AA,1,222,970,300,16,21,30,28220,4064500000,8380000,9776000,17210,95000000,633300,1015000,3870000,21270000000000
HE 900 x 466,HE,1,466,938,312,30,54,30,59370,8149400000,17370000,20370000,30530,275500000,1766000,2831000,42300000,53400000000000
HE 900 x 391,HE,1,391,922,307,25,46,30,49770,6743400000,14620000,16990000,25430,223200000,1454000,2312000,25960000,42550000000000
HE 900 M,HE M,1,333,910,302,21,40,30,42360,5704300000,12530000,14440000,21440,184500000,1221000,1928000,16820000,34740000000000
HE 900 B,HE B,1,291,900,300,18.5,35,30,37130,4940600000,10970000,12580000,18870,158100000,1054000,1658000,11500000,29460000000000
HE 900 A,HE A,1,252,890,300,16,30,30,32050,4220700000,9484000,10810000,16330,135400000,903100,1414000,7490000,24960000000000
HE 900 AA,HE AA,1,198,870,300,15,20,30,25220,3011400000,6922000,7998000,14720,90410000,602700,957600,3218000,16250000000000
HE 800 x 444,HE,1,444,842,313,30,54,30,56600,6344700000,15070000,17630000,27650,278000000,1776000,2827000,41540000,42840000000000
HE 800 x 373,HE,1,373,826,308,25,46,30,47460,5239000000,12680000,14690000,23030,225200000,1462000,2311000,25530000,34070000000000
HE 800 M,HE M,1,317,814,303,21,40,30,40430,4425900000,10870000,12480000,19420,186200000,1229000,1930000,16570000,27770000000000
HE 800 B,HE B,1,262,800,300,17.5,33,30,33420,3590800000,8977000,10220000,16170,149000000,993500,1553000,9587000,21840000000000
HE 800 A,HE A,1,224,790,300,15,28,30,28580,3034400000,7682000,8699000,13880,126300000,842500,1312000,6086000,18290000000000
HE 800 AA,HE AA,1,172,770,300,14,18,30,21850,2088800000,5425000,6224000,12380,81330000,542200,856500,2430000,11450000000000
HE 700 x 418,HE,1,418,744,313,29.5,54,27,53190,4725000000,12700000,14840000,23890,277600000,1773000,2796000,39610000,32840000000000
HE 700 x 352,HE,1,352,728,308,25,46,27,44860,3896800000,10700000,12380000,20150,225000000,1461000,2292000,24530000,26040000000000
HE 700 M,HE M,1,301,716,304,21,40,27,38300,3292700000,9197000,10530000,16980,187900000,1236000,1928000,15940000,21390000000000
HE 700 B,HE B,1,241,700,300,17,32,27,30640,2568800000,7339000,8327000,13700,144400000,962700,1495000,8388000,16060000000000
HE 700 A,HE A,1,204,690,300,14.5,27,27,26050,2153000000,6240000,7031000,11690,121700000,811900,1256000,5215000,13350000000000
HE 700 AA,HE AA,1,150,670,300,13,17,27,19090,1427200000,4260000,4840000,10030,76730000,511500,799700,1863000,8155000000000
HE 650 x 407,HE,1,407,696,314,29.5,54,27,51880,4054200000,11650000,13610000,22480,280100000,1784000,2803000,39300000,28710000000000
HE 650 x 343,HE,1,343,680,309,25,46,27,43750,3337100000,9815000,11350000,18950,227100000,1470000,2299000,24350000,22730000000000
HE 650 M,HE M,1,293,668,305,21,40,27,37370,2816600000,8433000,9656000,15970,189700000,1244000,1935000,15840000,18640000000000
HE 650 B,HE B,1,225,650,300,16,31,27,28630,2106100000,6480000,7319000,12200,139800000,932200,1441000,7492000,13360000000000
HE 650 A,HE A,1,190,640,300,13.5,26,27,24160,1751700000,5474000,6136000,10310,117200000,781500,1204000,4576000,11020000000000
HE 650 AA,HE AA,1,138,620,300,12.5,16,27,17580,1139400000,3675000,4159000,9039,72200000,481300,750600,1584000,6566000000000
HE 600 x 399,HE,1,399,648,315,30,54,27,50850,3446400000,10630000,12450000,21360,282800000,1795000,2813000,39330000,24810000000000
HE 600 x 337,HE,1,337,632,310,25.5,46,27,42920,2831600000,8960000,10380000,18050,229300000,1479000,2309000,24400000,19600000000000
HE 600 M,HE M,1,285,620,305,21,40,27,36370,2374400000,7659000,8772000,14960,189700000,1244000,1930000,15690000,15900000000000
HE 600 B,HE B,1,212,600,300,15.5,30,27,27000,1710400000,5701000,6425000,11080,135300000,902000,1391000,6771000,10960000000000
HE 600 A,HE A,1,178,590,300,13,25,27,22650,1412000000,4786000,5350000,9320,112700000,751400,1155000,4068000,8978000000000
HE 600 AA,HE AA,1,129,571,300,12,15.5,27,16410,918700000,3217000,3623000,8128,69930000,466200,724400,1417000,5380000000000
HE 550 M,HE M,1,278,572,306,21,40,27,35440,1979800000,6922000,7932000,13950,191500000,1252000,1937000,15580000,13510000000000
HE 550 B,HE B,1,199,550,300,15,29,27,25410,1366900000,4970000,5590000,10000,130700000,871700,1341000,6101000,8855000000000
HE 550 A,HE A,1,166,540,300,12.5,24,27,21180,1119300000,4145000,4621000,8371,108100000,721200,1106000,3603000,7188000000000
HE 550 AA,HE AA,1,120,522,300,11.5,15,27,15280,728700000,2792000,3127000,7266,67660000,451100,698600,1266000,4337000000000
HE 500 M,HE M,1,270,524,306,21,40,27,34430,1619200000,6180000,7094000,12940,191500000,1251000,1932000,15440000,11180000000000
HE 500 B,HE B,1,187,500,300,14.5,28,27,23860,1071700000,4287000,4814000,8981,126200000,841500,1291000,5481000,7017000000000
HE 500 A,HE A,1,155,490,300,12,23,27,19750,869700000,3549000,3948000,7471,103600000,691100,1058000,3178000,5643000000000
HE 500 AA,HE AA,1,107,472,300,10.5,14,27,13690,546400000,2315000,2576000,6190,63130000,420900,649200,1026000,3303000000000
HE 450 M,HE M,1,263,478,307,21,40,27,33540,1314800000,5501000,6331000,11980,193300000,1259000,1939000,15340000,9251000000000
HE 450 B,HE B,1,171,450,300,14,26,27,21800,798800000,3550000,3982000,7965,117200000,781400,1197000,4479000,5258000000000
HE 450 A,HE A,1,140,440,300,11.5,21,27,17800,637200000,2896000,3215000,6578,94650000,631000,965500,2501000,4147000000000
HE 450 AA,HE AA,1,99.7,425,300,10,13.5,27,12710,418800000,1971000,2183000,5469,60870000,405800,624300,913900,2571000000000
HE 400 M,HE M,1,256,432,307,21,40,27,32580,1041100000,4820000,5570000,11010,193300000,1259000,1934000,15200000,7410000000000
HE 400 B,HE B,1,155,400,300,13.5,24,27,19780,576800000,2884000,3231000,6997,108100000,721200,1104000,3610000,3817000000000
HE 400 A,HE A,1,125,390,300,11,19,27,15900,450600000,2311000,2561000,5732,85630000,570900,872800,1931000,2942000000000
HE 400 AA,HE AA,1,92.4,378,300,9.5,13,27,11770,312500000,1653000,1824000,4795,58610000,390700,599600,813100,1948000000000
HE 360 M,HE M,1,250,395,308,21,40,27,31880,848600000,4297000,4989000,10240,195200000,1267000,1942000,15120000,6137000000000
HE 360 B,HE B,1,142,360,300,12.5,22.5,27,18060,431900000,2399000,2682000,6059,101400000,676000,1032000,2983000,2883000000000
HE 360 A,HE A,1,112,350,300,10,17.5,27,14280,330800000,1890000,2088000,4895,78860000,525700,802200,1533000,2176000000000
HE 360 AA,HE AA,1,83.7,339,300,9,12,27,10660,230300000,1359000,1495000,4216,54100000,360600,552900,671300,1443000000000
HE 340 M,HE M,1,248,377,309,21,40,27,31580,763700000,4051000,4717000,9862,197100000,1275000,1952000,15110000,5584000000000
HE 340 B,HE B,1,134,340,300,12,21.5,27,17090,366500000,2156000,2408000,5608,96890000,645900,985700,2628000,2453000000000
HE 340 A,HE A,1,105,330,300,9.5,16.5,27,13350,276900000,1678000,1850000,4495,74350000,495700,755900,1314000,1824000000000
HE 340 AA,HE AA,1,78.9,320,300,8.5,11.5,27,10050,195500000,1222000,1340000,3869,51840000,345600,529200,600100,1231000000000
HE 320 M,HE M,1,245,359,309,21,40,27,31200,681300000,3795000,4435000,9484,197000000,1275000,1950000,15060000,5003000000000
HE 320 C,HE C,1,186,340,305,16,30.5,27,23690,487100000,2865000,3274000,7224,144400000,947200,1445000,6880000,3453000000000
HE 320 B,HE B,1,127,320,300,11.5,20.5,27,16130,308200000,1926000,2149000,5177,92380000,615900,939000,2304000,2068000000000
HE 320 A,HE A,1,97.6,310,300,9,15.5,27,12440,229200000,1479000,1628000,4113,69850000,465600,709700,1118000,1512000000000
HE 320 AA,HE AA,1,74.2,301,300,8,11,27,9460,164400000,1092000,1196000,3539,49590000,330600,505700,535800,1040000000000
HE 300 M,HE M,1,238,340,310,21,39,27,30310,592000000,3482000,4077000,9052,194000000,1251000,1913000,14100000,4386000000000
HE 300 C,HE C,1,177,320,305,16,29,27,22510,409500000,2559000,2926000,6847,137300000,900700,1374000,6040000,2903000000000
HE 300 B,HE B,1,117,300,300,11,19,27,14910,251600000,1677000,1868000,4742,85620000,570800,870100,1891000,1687000000000
HE 300 A,HE A,1,88.3,290,300,8.5,14,27,11250,182600000,1259000,1383000,3727,63090000,420600,641100,877600,1199000000000
HE 300 AA,HE AA,1,69.8,283,300,7.5,10.5,27,8890,138000000,975500,1065000,3236,47330000,315500,482300,478000,877100000000
HE 280 M,HE M,1,189,310,288,18.5,33,24,24020,395400000,2551000,2965000,7202,131600000,914000,1396000,8072000,2520000000000
HE 280 C,HE C,1,145,295,284,14.5,25.5,24,18520,288000000,1953000,2225000,5626,97500000,686600,1047000,3848000,1767000000000
HE 280 B,HE B,1,103,280,280,10.5,18,24,13140,192700000,1376000,1534000,4109,65940000,471000,717500,1460000,1130000000000
HE 280 A,HE A,1,76.4,270,280,8,13,24,9730,136700000,1012000,1112000,3174,47620000,340100,518100,634500,785300000000
HE 280 AA,HE AA,1,61.2,264,280,7,10,24,7800,105500000,799800,873000,2752,36640000,261700,399300,354900,590100000000
HE 260 M,HE M,1,172,290,268,18,32.5,24,21960,313000000,2159000,2523000,6689,104400000,779700,1192000,7201000,1728000000000
HE 260 C,HE C,1,132,275,264,14,25,24,16840,225900000,1642000,1880000,5194,76800000,581800,888300,3395000,1197000000000
HE 260 B,HE B,1,93,260,260,10,17.5,24,11840,149100000,1147000,1282000,3759,51340000,394900,602200,1266000,753600000000
HE 260 A,HE A,1,68.2,250,260,7.5,12.5,24,8680,104500000,836300,919700,2875,36670000,282100,430100,541900,516299999999.99994
HE 260 AA,HE AA,1,54.1,244,260,6.5,9.5,24,6900,79800000,654100,714400,2474,27880000,214400,327700,300900,382500000000
HE 240 M,HE M,1,157,270,248,18,32,21,19960,242800000,1799000,2116000,6006,81520000,657400,1005000,6260000,1151000000000
HE 240 C,HE C,1,119,255,244,14,24.5,21,15220,173200000,1358000,1563000,4634,59420000,487000,743800,2894000,787800000000
HE 240 B,HE B,1,83.2,240,240,10,17,21,10600,112500000,938200,1053000,3322,39220000,326800,498400,1038000,486900000000
HE 240 A,HE A,1,60.3,230,240,7.5,12,21,7680,77630000,675000,744600,2517,27680000,230700,351600,421400,328400000000
HE 240 AA,HE AA,1,47.4,224,240,6.5,9,21,6040,58350000,520900,570500,2154,20770000,173000,264300,221400,239600000000
HE 220 M,HE M,1,117,240,226,15.5,26,18,14940,146000000,1217000,1419000,4531,50120000,443500,678500,3130000,572600000000
HE 220 C,HE C,1,94.1,230,223,12.5,21,18,11990,111700000,972100,1114000,3646,38870000,348600,532300,1678000,423800000000
HE 220 B,HE B,1,71.5,220,220,9.5,16,18,9100,80900000,735500,827000,2792,28430000,258400,393800,770200,295400000000
HE 220 A,HE A,1,50.5,210,220,7,11,18,6430,54090000,515200,568400,2067,19540000,177600,270500,286100,193200000000
HE 220 AA,HE AA,1,40.4,205,220,6,8.5,18,5150,41700000,406800,445400,1763,15100000,137300,209300,155400,145600000000
HE 200 M,HE M,1,103,220,206,15,25,18,13130,106400000,967400,1135000,4103,36510000,354400,543200,2575000,346200000000
HE 200 C,HE C,1,81.9,210,203,12,20,18,10440,80290000,764700,880600,3278,27940000,275200,420900,1347000,251600000000
HE 200 B,HE B,1,61.3,200,200,9,15,18,7810,56960000,569600,642500,2483,20030000,200300,305800,597000,171100000000
HE 200 A,HE A,1,42.3,190,200,6.5,10,18,5380,36920000,388600,429400,1808,13350000,133500,203800,210400,108000000000
HE 200 AA,HE AA,1,34.6,186,200,5.5,8,18,4410,29440000,316500,347000,1545,10680000,106800,163100,125200,84490000000
HE 180 M,HE M,1,88.9,200,186,14.5,24,15,11330,74830000,748300,883400,3465,25800000,277400,425100,2011000,199300000000
HE 180 C,HE C,1,69.8,190,183,11.5,19,15,8900,55430000,583400,675000,2729,19440000,212400,324900,1014000,141800000000
HE 180 B,HE B,1,51.2,180,180,8.5,14,15,6530,38310000,425600,481400,2024,13620000,151400,231000,422100,93740000000
HE 180 A,HE A,1,35.5,171,180,6,9.5,15,4530,25100000,293600,324800,1447,9246000,102700,156400,148800,60210000000
HE 180 AA,HE AA,1,28.7,167,180,5,7.5,15,3650,19660000,235500,258200,1215,7299000,81100,123500,83140,46360000000
HE 160 M,HE M,1,76.2,180,166,14,23,15,9710,50980000,566400,674500,3081,17580000,211800,325400,1605000,108000000000
HE 160 C,HE C,1,59.2,170,163,11,18,15,7540,37040000,435700,507600,2405,13020000,159800,244800,786900,75040000000
HE 160 B,HE B,1,42.6,160,160,8,13,15,5430,24910000,311400,353900,1759,8892000,111100,169900,312700,47940000000
HE 160 A,HE A,1,30.4,152,160,6,9,15,3880,16720000,220100,245100,1321,6155000,76940,117600,120900,31400000000
HE 160 AA,HE AA,1,23.8,148,160,4.5,7,15,3040,12820000,173300,190400,1037,4787000,59840,91360,64310,23750000000
HE 140 M,HE M,1,63.2,160,146,13,22,12,8060,32910000,411400,493800,2445,11440000,156700,240500,1186000,54320000000
HE 140 C,HE C,1,48.2,150,143,10,17,12,6150,23290000,310600,363800,1861,8302000,116100,177600,553700,36630000000
HE 140 B,HE B,1,33.7,140,140,7,12,12,4300,15090000,215600,245400,1307,5496000,78520,119700,201500,22470000000
HE 140 A,HE A,1,24.7,133,140,5.5,8.5,12,3140,10330000,155300,173400,1012,3893000,55610,84840,81010,15060000000
HE 140 AA,HE AA,1,18.1,128,140,4.3,6,12,2300,7194000,112400,123700,792.2,2748000,39260,59930,34330,10210000000
HE 120 M,HE M,1,52.1,140,126,12.5,21,12,6640,20170000,288200,350600,2115,7027000,111500,171600,905100,24780000000
HE 120 C,HE C,1,39.2,130,123,9.5,16,12,4990,13880000,213500,252800,1590,4976000,80920,124100,407200,16120000000.000002
HE 120 B,HE B,1,26.7,120,120,6.5,11,12,3400,8643000,144000,165200,1096,3175000,52920,80960,139300,9409000000
HE 120 A,HE A,1,19.9,114,120,5,8,12,2530,6061000,106300,119400,845.6,2308000,38480,58850,60410,6471000000
HE 120 AA,HE AA,1,14.6,109,120,4.2,5.5,12,1860,4133000,75840,84110,690.3,1588000,26460,40620,25910,4242000000
HE 100 M,HE M,1,41.8,120,106,12,20,12,5320,11420000,190400,235800,1803,3991000,75310,116300,672300,9925000000
HE 100 C,HE C,1,30.9,110,103,9,15,12,3930,7586000,137900,165700,1338,2743000,53270,82070,291000,6163000000
HE 100 B,HE B,1,20.4,100,100,6,10,12,2600,4495000,89900,104200,903.6,1672000,33450,51420,93300,3375000000
HE 100 A,HE A,1,16.7,96,100,5,8,12,2120,3492000,72750,83010,755.6,1338000,26760,41140,52830,2581000000
HE 100 AA,HE AA,1,12.2,91,100,4.2,5.5,12,1560,2365000,51970,58350,614.7,920600,18410,28440,23250,1675000000
HL 1100 x 607,HL,1,607,1138,410,31,55,30,77310,16241000000,28540000,33000000,37640,634700000,3096000,4886000,57890000,185250000000000
HL 1100 x 548,HL,1,548,1128,407,28,50,30,69830,14566400000,25820000,29720000,33950,564000000,2771000,4358000,43440000,163220000000000
HL 1100 R,HL,1,499,1118,405,26,45,30,63520,13050200000,23340000,26810000,31370,500000000,2469000,3879000,32530000,143400000000000
HL 1100 x 466,HL,1,466,1113,404,24,42.5,30,59360,12214900000,21940000,25110000,29010,468500000,2319000,3630000,27100000,133810000000000
HL 1100 M,HL,1,433,1108,402,22,40,30,55120,11365400000,20510000,23370000,26660,434200000,2160000,3370000,22290000,123500000000000
HL 1100 C,HL,1,411,1104,401,21,38,30,52410,10761500000,19490000,22180000,25430,409400000,2042000,3181000,19240000,116010000000000
HL 1100 B,HL,1,390,1100,400,20,36,30,49700,10163600000,18470000,20990000,24210,384900000,1924000,2995000,16490000,108680000000000
HL 1100 x 366,HL,1,366,1095,400,19,33.5,30,46680,9470800000,17290000,19630000,22950,358100000,1790000,2785000,13580000,100650000000000
HL 1100 A,HL,1,343,1090,400,18,31,30,43650,8783500000,16110000,18270000,21690,331300000,1656000,2575000,11040000,92700000000000
HL 1000 x 976,HL,1,976,1108,428,50,89.9,30,124140,23486800000,42390000,50290000,57070,1185200000,5538000,8838000,244100000,304410000000000
HL 1000 x 883,HL,1,883,1092,424,45.5,82,30,112530,20964100000,38390000,45260000,51640,1049700000,4951000,7873000,185100000,265670000000000
HL 1000 x 748,HL,1,748,1068,417,39,70,30,95340,17319400000,32430000,37880000,43890,851100000,4082000,6459000,115500000,210640000000000
HL 1000 x 642,HL,1,642,1048,412,34,60,30,81760,14505800000,27680000,32090000,37960,702800000,3411000,5378000,73810000,170660000000000
HL 1000 x 591,HL,1,591,1040,409,31,55.9,30,75270,13310300000,25590000,29520000,34630,640100000,3130000,4915000,58950000,154320000000000
HL 1000 x 554,HL,1,554,1032,408,29.5,52,30,70580,12323700000,23880000,27490000,32800,590900000,2896000,4546000,48340000,141320000000000
HL 1000 x 539,HL,1,539,1030,407,28.4,51.1,30,68720,12025300000,23350000,26820000,31630,576300000,2832000,4435000,45290000,137550000000000
HL 1000 x 483,HL,1,483,1020,404,25.4,46,30,61510,10674800000,20930000,23920000,28270,507100000,2510000,3918000,33060000,119890000000000
HL 1000 x 443,HL,1,443,1012,402,23.6,41.9,30,56370,9665100000,19100000,21770000,26180,454900000,2263000,3529000,25430000,106730000000000
HL 1000 M,HL,1,412,1008,402,21.1,40,30,52510,9104700000,18060000,20460000,23590,434000000,2159000,3348000,21440000,101450000000000
HL 1000 B,HL,1,371,1000,400,19,36.1,30,47280,8137300000,16270000,18360000,21250,385800000,1929000,2984000,15880000,89440000000000
HL 1000 A,HL,1,321,990,400,16.5,31,30,40880,6964400000,14060000,15790000,18450,331200000,1656000,2554000,10330000,76020000000000
HL 1000 AA,HL,1,296,982,400,16.5,27.1,30,37760,6203100000,12630000,14250000,18150,289600000,1448000,2242000,7636000,65890000000000
HL 920 x 1377,HL,1,1377,1093,473,76.7,115.1,25,175370,30354000000,55540000,67740000,81290,2063500000,8725000,14160000,604500000,485320000000000
HL 920 x 1269,HL,1,1269,1093,461,64,115.1,25,161650,29010800000,53080000,64020000,68870,1899000000,8238000,13130000,521200000,449320000000000
HL 920 x 1194,HL,1,1194,1081,457,60.5,109,25,152150,26967600000,49890000,59910000,64790,1750500000,7660000,12190000,441100000,409540000000000
HL 920 x 1077,HL,1,1077,1061,451,55,99.1,25,137150,23790900000,44840000,53450000,58390,1527600000,6774000,10740000,330500000,350470000000000
HL 920 x 970,HL,1,970,1043,446,50,89.9,25,123660,21042600000,40350000,47750000,52680,1338700000,6003000,9497000,246800000,301870000000000
HL 920 x 787,HL,1,787,1011,437,40.9,73.9,25,100200,16498600000,32630000,38110000,42550,1033100000,4728000,7431000,136500000,225650000000000
HL 920 x 725,HL,1,725,999,434,38.1,68.1,25,92290,14965300000,29960000,34830000,39400,932100000,4295000,6739000,107500000,201000000000000
HL 920 x 656,HL,1,656,987,431,34.5,62,25,83530,13394300000,27140000,31360000,35540,830500000,3854000,6027000,80980000,176960000000000
HL 920 x 588,HL,1,588,975,427,31,55.9,25,74810,11853100000,24310000,27940000,31820,727700000,3408000,5314000,59230000,153180000000000
HL 920 x 537,HL,1,537,965,425,28.4,51.1,25,68250,10696100000,22160000,25360000,29040,655600000,3085000,4799000,45420000,136510000000000
HL 920 x 491,HL,1,491,957,422,25.9,47,25,62330,9704100000,20280000,23090000,26450,590100000,2796000,4339000,35200000,121870000000000
HL 920 x 449,HL,1,449,948,423,24,42.7,25,57140,8787900000,18540000,21040000,24390,539800000,2552000,3953000,26920000,110360000000000
HL 920 x 420,HL,1,420,943,422,22.5,39.9,25,53410,8174100000,17330000,19620000,22850,500700000,2373000,3671000,22080000,101890000000000
HL 920 x 390,HL,1,390,936,420,21.3,36.6,25,49430,7458100000,15930000,18010000,21520,452700000,2156000,3334000,17410000,91390000000000
HL 920 x 368,HL,1,368,931,419,20.3,34.3,25,46560,6962900000,14950000,16880000,20450,421200000,2010000,3108000,14520000,84530000000000
HL 920 x 344,HL,1,344,927,418,19.3,32,25,43720,6490600000,14000000,15790000,19410,390100000,1866000,2884000,11980000,78000000000000
HLZ 1100 D,HLZ,1,453,1087.4,460,22,37,30,57750,11494400000,21140000,23910000,26100,601400000,2614000,4050000,20630000,165560000000000
HLZ 1100 C,HLZ,1,430,1083.4,459,21,35,30,54830,10846600000,20020000,22620000,24880,565100000,2462000,3811000,17640000,155000000000000
HLZ 1100 B,HLZ,1,408,1079.4,458,20,33,30,51910,10205000000,18900000,21330000,23680,529300000,2311000,3575000,14960000,144640000000000
HLZ 1100 A,HLZ,1,393,1075.4,458,20,31,30,50080,9673300000,17990000,20340000,23520,497200000,2171000,3365000,13050000,135350000000000
HD 400 x 1384,HD,0,1384,617,481,104.5,148.4,20,176560,8393200000,27200000,36180000,55240,2783900000,11570000,18060000,1134000000,151090000000000
HD 400 x 1299,HD,1,1299,600,476,100,140,20,165470,7549500000,25160000,33260000,51940,2544100000,10680000,16670000,955200000,133120000000000
HD 400 x 1202,HD,1,1202,580,471,95,130,20,153050,6639700000,22890000,30030000,48290,2287600000,9714000,15150000,771900000,114600000000000
HD 400 x 1086,HD,1,1086,569,454,78,125,20,138580,5960700000,20950000,27230000,39970,1962700000,8646000,13380000,612200000,96070000000000
HD 400 x 990,HD,1,990,550,448,71.9,115,20,126240,5192600000,18880000,24300000,36210,1733800000,7740000,11960000,474900000,81520000000000
HD 400 x 900,HD,1,900,531,442,65.9,106,20,114920,4505500000,16970000,21640000,32590,1533600000,6939000,10710000,368800000,68880000000000
HD 400 x 818,HD,1,818,514,437,60.5,97,20,104330,3925400000,15270000,19270000,29450,1355400000,6203000,9566000,282100000,58650000000000
HD 400 x 744,HD,1,744,498,432,55.6,88.9,20,94810,3424700000,13750000,17180000,26640,1199400000,5553000,8553000,216600000,49980000000000
HD 400 x 677,HD,1,677,483,428,51.2,81.5,20,86340,2998200000,12410000,15360000,24160,1068800000,4994000,7684000,166800000,42910000000000
HD 400 x 634,HD,1,634,474,424,47.6,77.1,20,80800,2745200000,11580000,14240000,22310,982600000,4635000,7121000,139600000,38570000000000
HD 400 x 592,HD,1,592,465,421,45,72.3,20,75490,2505100000,10770000,13160000,20900,901800000,4284000,6578000,115200000,34660000000000
HD 400 x 551,HD,1,551,455,418,42,67.6,20,70140,2264600000,9954000,12070000,19310,825000000,3947000,6055000,93950000,30870000000000
HD 400 x 509,HD,1,509,446,416,39.1,62.7,20,64900,2048800000,9187000,11050000,17830,754100000,3625000,5556000,75130000,27630000000000
HD 400 x 463,HD,1,463,435,412,35.8,57.4,20,58950,1805100000,8299000,9900000,16150,670400000,3254000,4981000,57460000,23840000000000
HD 400 x 421,HD,1,421,425,409,32.8,52.6,20,53710,1599300000,7526000,8903000,14660,600800000,2938000,4492000,44160000,20790000000000
HD 400 x 382,HD,1,382,416,406,29.8,48,20,48710,1416700000,6811000,7987000,13220,536200000,2641000,4033000,33480000,18120000000000
HD 400 x 347,HD,1,347,407,404,27.2,43.7,20,44200,1253000000,6157000,7161000,11970,480900000,2380000,3631000,25320000,15840000000000
HD 400 x 314,HD,1,314,399,401,24.9,39.6,20,39920,1105800000,5543000,6397000,10870,426000000,2125000,3239000,18910000,13740000000000
HD 400 x 287,HD,1,287,393,399,22.6,36.6,20,36630,1000600000,5092000,5835000,9862,387800000,1944000,2959000,14840000,12300000000000
HD 400 x 262,HD,1,262,387,398,21.1,33.3,20,33460,897600000,4638000,5282000,9138,350200000,1759000,2678000,11330000,10940000000000
HD 400 x 237,HD,1,237,380,395,18.9,30.2,20,30090,791300000,4164000,4708000,8162,310400000,1571000,2389000,8419000,9489000000000
HD 400 x 216,HD,1,216,375,394,17.3,27.7,20,27550,714900000,3813000,4285000,7459,282500000,1434000,2178000,6521000,8514000000000
HD 400 x 187,HD,1,187,368,391,15,24,20,23760,605400000,3290000,3665000,6463,239200000,1223000,1856000,4269000,7073000000000
HD 360 x 196,HD,1,196,372,374,16.4,26.2,20,25030,639800000,3440000,3860000,7062,228600000,1222000,1858000,5309000,6828000000000
HD 360 x 179,HD,1,179,368,373,15,23.9,20,22830,577900000,3141000,3505000,6460,206800000,1109000,1684000,4060000,6119000000000
HD 360 x 162,HD,1,162,364,371,13.3,21.8,20,20630,518900000,2851000,3162000,5766,185600000,1000000,1518000,3066000,5431000000000
HD 360 x 147,HD,1,147,360,370,12.3,19.8,20,18790,466400000,2591000,2861000,5319,167200000,904000,1371000,2333000,4836000000000
HD 360 x 134,HD,1,134,356,369,11.2,18,20,17060,418600000,2352000,2585000,4848,150800000,817300,1238000,1773000,4305000000000
HD 320 x 300,HD,1,300,375,313,27,48,27,38210,869000000,4634000,5521000,12040,246000000,1572000,2414000,26310000,6557000000000
HD 320 x 245,HD,1,245,359,309,21,40,27,31200,681300000,3795000,4435000,9484,197000000,1275000,1950000,15060000,5003000000000
HD 320 x 198,HD,1,198,343,306,18,32,27,25230,518900000,3025000,3479000,7951,153100000,1000000,1530000,8085000,3695000000000
HD 320 x 158,HD,1,158,330,303,14.5,25.5,27,20120,396400000,2402000,2718000,6418,118400000,781600,1193000,4249000,2740000000000
HD 320 x 127,HD,1,127,320,300,11.5,20.5,27,16130,308200000,1926000,2149000,5177,92380000,615900,939000,2304000,2068000000000
HD 320 x 97.6,HD,1,97.6,310,300,9,15.5,27,12440,229200000,1479000,1628000,4113,69850000,465600,709700,1118000,1512000000000
HD 320 x 74.2,HD,1,74.2,301,300,8,11,27,9460,164400000,1092000,1196000,3539,49590000,330600,505700,535800,1040000000000
HD 260 x 299,HD,1,299,335,278,31,55,24,38050,642100000,3833000,4726000,11810,197700000,1422000,2189000,33920000,3860000000000
HD 260 x 225,HD,1,225,309,271,24,42,24,28660,437500000,2831000,3395000,8918,139700000,1031000,1583000,15330000,2482000000000
HD 260 x 172,HD,1,172,290,268,18,32.5,24,21960,313000000,2159000,2523000,6689,104400000,779700,1192000,7201000,1728000000000
HD 260 x 142,HD,1,142,278,265,15.5,26.5,24,18030,243300000,1750000,2015000,5664,82350000,621500,950400,4073000,1299000000000
HD 260 x 114,HD,1,114,268,262,12.5,21.5,24,14570,189100000,1411000,1599000,4607,64550000,492800,752400,2245000,978900000000
HD 260 x 93.0,HD,1,93,260,260,10,17.5,24,11840,149100000,1147000,1282000,3759,51340000,394900,602200,1266000,753600000000
HD 260 x 68.2,HD,1,68.2,250,260,7.5,12.5,24,8680,104500000,836300,919700,2875,36670000,282100,430100,541900,516299999999.99994
HD 260 x 54.1,HD,1,54.1,244,260,6.5,9.5,24,6900,79800000,654100,714400,2474,27880000,214400,327700,300900,382500000000
HP 460 x 304,HP,0,304,464,460,28.6,28.6,30,38700,1439100000,6203000,7063000,14940,465100000,2022000,3125000,12150000,21980000000000
HP 460 x 269,HP,0,269,457,457,25.4,25.4,30,34300,1254000000,5488000,6209000,13250,404900000,1772000,2732000,8601000,18810000000000
HP 460 x 234,HP,0,234,451,454,22.1,22.1,30,29800,1077500000,4778000,5369000,11570,345300000,1521000,2340000,5768000,15850000000000
HP 460 x 202,HP,0,202,445,451,19.1,19.1,30,25700,918800000,4129000,4610000,10050,292400000,1297000,1992000,3819000,13240000000000
HP 400 x 231,HP,1,231,372,402,26,26,20,29420,706100000,3796000,4335000,10370,282000000,1403000,2160000,7330000,8425000000000
HP 400 x 213,HP,1,213,368,400,24,24,20,27070,642700000,3493000,3970000,9559,256400000,1282000,1971000,5772000,7573000000000
HP 400 x 194,HP,1,194,364,398,22,22,20,24750,581100000,3193000,3611000,8747,231500000,1163000,1786000,4457000,6759000000000
HP 400 x 176,HP,1,176,360,396,20,20,20,22430,521200000,2895000,3258000,7943,207200000,1046000,1605000,3363000,5982000000000
HP 400 x 158,HP,1,158,356,394,18,18,20,20140,462900000,2600000,2911000,7147,183700000,932500,1427000,2467000,5240000000000
HP 400 x 140,HP,1,140,352,392,16,16,20,17860,406300000,2308000,2570000,6359,160700000,820300,1254000,1750000,4533000000000
HP 400 x 122,HP,1,122,348,390,14,14,20,15590,351200000,2018000,2235000,5579,138500000,710400,1084000,1191000,3860000000000
HP 360 x 180,HP,1,180,362.9,378.8,21.1,21.1,20,22950,533800000,2941000,3327000,8399,191400000,1010000,1554000,3826000,5582000000000
HP 360 x 174,HP,1,174,361.4,378.5,20.3,20.4,20,22150,513500000,2841000,3208000,8081,184600000,975700,1499000,3449000,5359000000000
HP 360 x 152,HP,1,152,356.4,376,17.8,17.9,20,19370,443100000,2486000,2789000,7084,158800000,844600,1295000,2348000,4542000000000
HP 360 x 133,HP,1,133,352,373.8,15.6,15.7,20,16940,383200000,2177000,2427000,6217,136800000,732000,1120000,1602000,3864000000000
HP 360 x 109,HP,1,109,346.4,371,12.8,12.9,20,13870,309700000,1788000,1978000,5128,109800000,592400,904600,911900,3052000000000
HP 320 x 184,HP,1,184,329,317,25,25,27,23450,423400000,2574000,2979000,9575,133300000,841100,1311000,5864000,3066000000000
HP 320 x 147,HP,1,147,319,312,20,20,27,18690,326700000,2048000,2338000,7685,101600000,651200,1011000,3096000,2262000000000
HP 320 x 117,HP,1,117,311,308,16,16,27,14950,254700000,1638000,1848000,6209,78140000,507400,785500,1669000,1695000000000
HP 320 x 103,HP,1,103,307,306,14,14,27,13100,220500000,1436000,1611000,5483,67040000,438100,677200,1168000,1434000000000
HP 320 x 88,HP,1,88.5,303,304,12,12,27,11270,187400000,1237000,1378000,4765,56330000,370600,572000,787400,1189000000000
HP 305 x 223,HP,1,223,337.9,325.7,30.3,30.4,20,28400,529500000,3134000,3672000,10870,175800000,1079000,1682000,9770000,4138000000000
HP 305 x 186,HP,1,186,328.3,320.9,25.5,25.6,20,23690,428600000,2611000,3022000,9086,141400000,881700,1369000,5833000,3229000000000
HP 305 x 180,HP,1,180,326.7,319.7,24.8,24.8,20,22930,412200000,2523000,2915000,8822,135500000,847700,1315000,5322000,3077000000000
HP 305 x 149,HP,1,149,318.5,316,20.6,20.7,20,18990,333200000,2092000,2389000,7306,109100000,690700,1067000,3103000,2413000000000
HP 305 x 126,HP,1,126,312.3,312.9,17.5,17.6,20,16060,276600000,1771000,2004000,6204,90050000,575500,887300,1928000,1951000000000
HP 305 x 110,HP,1,110,307.9,310.7,15.3,15.4,20,14010,238100000,1547000,1739000,5434,77120000,496400,763600,1310000,1646000000000
HP 305 x 95,HP,1,94.9,303.7,308.7,13.3,13.3,20,12100,203000000,1336000,1493000,4737,65310000,423100,649700,868800,1374000000000
HP 305 x 88,HP,1,88.5,301.7,307.8,12.4,12.3,20,11210,186800000,1238000,1379000,4423,59860000,389000,596900,702900,1251000000000
HP 305 x 79,HP,1,78.9,299.3,306.4,11,11.1,20,10050,166900000,1115000,1237000,3957,53280000,347800,532800,521500,1105000000000
HP 260 x 87,HP,1,87.3,253,267,14,14,24,11100,125800000,994900,1123000,4512,44550000,333700,516100,965700,634200000000
HP 260 x 75,HP,1,75,249,265,12,12,24,9550,106400000,855100,958500,3914,37320000,281700,435000,642800,522600000000
HP 220 x 57,HP,1,57.2,210,224.5,11,11,18,7290,57290000,545600,613600,2863,20790000,185200,285500,376100,205300000000
HP 200 x 53,HP,1,53.5,204,207,11.3,11.3,10,6840,49770000,487900,551200,2489,16730000,161600,248500,319400,155000000000
HP 200 x 43,HP,1,42.5,200,205,9,9,10,5410,38870000,388700,434500,1984,12930000,126200,193300,163400,117800000000
UBP 460 x 460 x 304,UBP,0,304,464,460,28.6,28.6,30,38700,1439100000,6203000,7063000,14940,465100000,2022000,3125000,12150000,21980000000000
UBP 460 x 460 x 269,UBP,0,269,457,457,25.4,25.4,30,34300,1254000000,5488000,6209000,13250,404900000,1772000,2732000,8601000,18810000000000
UBP 460 x 460 x 234,UBP,0,234,451,454,22.1,22.1,30,29800,1077500000,4778000,5369000,11570,345300000,1521000,2340000,5768000,15850000000000
UBP 460 x 460 x 202,UBP,0,202,445,451,19.1,19.1,30,25700,918800000,4129000,4610000,10050,292400000,1297000,1992000,3819000,13240000000000
UBP 406 x 406 x 272,UBP,0,272,419,413,28.6,28.6,20,34310,1025300000,4894000,5607000,12650,336600000,1630000,2519000,10200000,12790000000000
UBP 406 x 406 x 242,UBP,0,242,413,410,25.4,25.4,20,30370,894600000,4332000,4930000,11200,292300000,1426000,2199000,7160000,10950000000000
UBP 406 x 406 x 211,UBP,0,211,406,406,22.2,22.2,20,26400,762700000,3757000,4245000,9751,248000000,1221000,1879000,4787000,9118000000000
UBP 406 x 406 x 181,UBP,0,181,400,403,19.1,19.1,20,22650,644900000,3224000,3617000,8382,208600000,1035000,1588000,3070000,7557000000000
UBP 406 x 406 x 151,UBP,0,151,394,400,15.9,15.9,20,18820,528500000,2683000,2986000,6991,169700000,848800,1299000,1797000,6061000000000
UBP 406 x 406 x 131,UBP,0,131,389,398,13.7,13.7,20,16200,448800000,2307000,2554000,6032,144000000,724000,1105000,1169000,5068000000000
UBP 356 x 368 x 174,UBP,1,174,361.4,378.5,20.3,20.4,20,22150,513500000,2841000,3208000,8081,184600000,975700,1499000,3449000,5359000000000
UBP 356 x 368 x 152,UBP,1,152,356.4,376,17.8,17.9,20,19370,443100000,2486000,2789000,7084,158800000,844600,1295000,2348000,4542000000000
UBP 356 x 368 x 133,UBP,1,133,352,373.8,15.6,15.7,20,16940,383200000,2177000,2427000,6217,136800000,732000,1120000,1602000,3864000000000
UBP 356 x 368 x 109,UBP,1,109,346.4,371,12.8,12.9,20,13870,309700000,1788000,1978000,5128,109800000,592400,904600,911900,3052000000000
UBP 305 x 305 x 223,UBP,1,223,337.9,325.7,30.3,30.4,20,28400,529500000,3134000,3672000,10870,175800000,1079000,1682000,9770000,4138000000000
UBP 305 x 305 x 186,UBP,1,186,328.3,320.9,25.5,25.6,20,23690,428600000,2611000,3022000,9086,141400000,881700,1369000,5833000,3229000000000
UBP 305 x 305 x 149,UBP,1,149,318.5,316,20.6,20.7,20,18990,333200000,2092000,2389000,7306,109100000,690700,1067000,3103000,2413000000000
UBP 305 x 305 x 126,UBP,1,126,312.3,312.9,17.5,17.6,20,16060,276600000,1771000,2004000,6204,90050000,575500,887300,1928000,1951000000000
UBP 305 x 305 x 110,UBP,1,110,307.9,310.7,15.3,15.4,20,14010,238100000,1547000,1739000,5434,77120000,496400,763600,1310000,1646000000000
UBP 305 x 305 x 95,UBP,1,94.9,303.7,308.7,13.3,13.3,20,12090,203000000,1336000,1493000,4737,65310000,423100,649700,868800,1374000000000
UBP 305 x 305 x 88,UBP,1,88,301.7,307.8,12.4,12.3,20,11210,186800000,1238000,1379000,4423,59860000,389000,596900,702900,1251000000000
UBP 305 x 305 x 79,UBP,1,78.9,299.3,306.4,11,11.1,20,10050,166900000,1115000,1237000,3957,53280000,347800,532800,521500,1105000000000
UBP 254 x 254 x 85,UBP,1,85.1,254.3,260.4,14.4,14.3,13,10840,122900000,966700,1093000,3972,42150000,323700,497900,821700,605900000000
UBP 254 x 254 x 71,UBP,1,71,249.7,258,12,12,13,9040,100700000,807200,904600,3309,34390000,266600,408800,486400,485100000000
UBP 254 x 254 x 63,UBP,1,63,247.1,256.6,10.6,10.7,13,8020,88680000,717700,800000,2929,30160000,235000,359700,344800,420900000000
UBP 203 x 203 x 54,UBP,1,53.9,204,207.7,11.3,11.4,10,6870,50240000,492500,556300,2490,17050000,164100,252300,325600,157800000000
UBP 203 x 203 x 45,UBP,1,44.9,200.2,205.9,9.5,9.5,10,5720,40970000,409300,458500,2087,13830000,134400,206000,191500,125600000000
UB 1100 x 400 x 607,UB,0,607,1138,410,31,55,30,77310,16241000000,28540000,33000000,37640,634700000,3096000,4886000,57890000,185250000000000
UB 1100 x 400 x 548,UB,0,548,1128,407,28,50,30,69830,14566400000,25820000,29720000,33950,564000000,2771000,4358000,43440000,163220000000000
UB 1100 x 400 x 499,UB,0,499,1118,405,26,45,30,63520,13050200000,23340000,26810000,31370,500000000,2469000,3879000,32530000,143400000000000
UB 1100 x 400 x 466,UB,1,466,1113,404,24,42.5,30,59360,12214900000,21940000,25110000,29010,468500000,2319000,3630000,27100000,133810000000000
UB 1100 x 400 x 433,UB,0,433,1108,402,22,40,30,55120,11365400000,20510000,23370000,26660,434200000,2160000,3370000,22290000,123500000000000
UB 1100 x 400 x 411,UB,1,411,1104,401,21,38,30,52410,10761500000,19490000,22180000,25430,409400000,2042000,3181000,19240000,116010000000000
UB 1100 x 400 x 390,UB,0,390,1100,400,20,36,30,49700,10163600000,18470000,20990000,24210,384900000,1924000,2995000,16490000,108680000000000
UB 1100 x 400 x 366,UB,1,366,1095,400,19,33.5,30,46680,9470800000,17290000,19630000,22950,358100000,1790000,2785000,13580000,100650000000000
UB 1100 x 400 x 343,UB,0,343,1090,400,18,31,30,43650,8783500000,16110000,18270000,21690,331300000,1656000,2575000,11040000,92700000000000
UB 1016 x 305 x 584,UB,1,584,1056,314,36,64,30,74370,12460700000,23590000,28030000,40320,334300000,2129000,3474000,71530000,81240000000000
UB 1016 x 305 x 494,UB,1,494,1036,309,31,54,30,62910,10279500000,19840000,23410000,34450,268200000,1736000,2818000,43950000,64010000000000
UB 1016 x 305 x 438,UB,1,438,1026,305,26.9,49,30,55630,9091700000,17720000,20740000,29990,233500000,1531000,2462000,31810000,55290000000000
UB 1016 x 305 x 415,UB,1,415,1020,304,26,46,30,52870,8531200000,16720000,19570000,28850,217000000,1428000,2297000,27030000,51080000000000
UB 1016 x 305 x 393,UB,1,393,1016,303,24.4,43.9,30,50020,8076800000,15890000,18530000,27120,204900000,1352000,2167000,23290000,48080000000000
UB 1016 x 305 x 350,UB,1,350,1008,302,21.1,40,30,44510,7229600000,14340000,16580000,23590,184600000,1222000,1940000,17180000,43010000000000
UB 1016 x 305 x 314,UB,1,314,1000,300,19.1,35.9,30,40040,6442100000,12880000,14850000,21340,162300000,1082000,1712000,12630000,37530000000000
UB 1016 x 305 x 272,UB,1,272,990,300,16.5,31,30,34680,5538400000,11180000,12820000,18450,140000000,933600,1469000,8348000,32070000000000
UB 1016 x 305 x 249,UB,1,249,980,300,16.5,26,30,31680,4810700000,9817000,11340000,18070,117500000,783600,1244000,5819000,26620000000000
UB 1016 x 305 x 222,UB,1,222,970,300,16,21.1,30,28280,4076600000,8405000,9803000,17220,95450000,636300,1020000,3900000,21370000000000
UB 1000 x 400 x 976,UB,0,976,1108,428,50,89.9,30,124140,23486800000,42390000,50290000,57070,1185200000,5538000,8838000,244100000,304410000000000
UB 1000 x 400 x 883,UB,0,883,1092,424,45.5,82,30,112530,20964100000,38390000,45260000,51640,1049700000,4951000,7873000,185100000,265670000000000
UB 1000 x 400 x 748,UB,0,748,1068,417,39,70,30,95340,17319400000,32430000,37880000,43890,851100000,4082000,6459000,115500000,210640000000000
UB 1000 x 400 x 642,UB,0,642,1048,412,34,60,30,81760,14505800000,27680000,32090000,37960,702800000,3411000,5378000,73810000,170660000000000
UB 1000 x 400 x 591,UB,0,591,1040,409,31,55.9,30,75270,13310300000,25590000,29520000,34630,640100000,3130000,4915000,58950000,154320000000000
UB 1000 x 400 x 554,UB,0,554,1032,408,29.5,52,30,70580,12323700000,23880000,27490000,32800,590900000,2896000,4546000,48340000,141320000000000
UB 1000 x 400 x 539,UB,0,539,1030,407,28.4,51.1,30,68720,12025300000,23350000,26820000,31630,576300000,2832000,4435000,45290000,137550000000000
UB 1000 x 400 x 483,UB,0,483,1020,404,25.4,46,30,61510,10674800000,20930000,23920000,28270,507100000,2510000,3918000,33060000,119890000000000
UB 1000 x 400 x 443,UB,0,443,1012,402,23.6,41.9,30,56370,9665100000,19100000,21770000,26180,454900000,2263000,3529000,25430000,106730000000000
UB 1000 x 400 x 412,UB,0,412,1008,402,21.1,40,30,52510,9104700000,18060000,20460000,23590,434000000,2159000,3348000,21440000,101450000000000
UB 1000 x 400 x 371,UB,0,371,1000,400,19,36.1,30,47280,8137300000,16270000,18360000,21250,385800000,1929000,2984000,15880000,89440000000000
UB 1000 x 400 x 321,UB,0,321,990,400,16.5,31,30,40880,6964400000,14060000,15790000,18450,331200000,1656000,2554000,10330000,76020000000000
UB 1000 x 400 x 296,UB,0,296,982,400,16.5,27.1,30,37760,6203100000,12630000,14250000,18150,289600000,1448000,2242000,7636000,65890000000000
UB 920 x 420 x 1377,UB,0,1377,1093,473,76.7,115.1,25,175370,30354000000,55540000,67740000,81290,2063500000,8725000,14160000,604500000,485320000000000
UB 920 x 420 x 1269,UB,0,1269,1093,461,64,115.1,25,161650,29010800000,53080000,64020000,68870,1899000000,8238000,13130000,521200000,449320000000000
UB 920 x 420 x 1194,UB,0,1194,1081,457,60.5,109,25,152150,26967600000,49890000,59910000,64790,1750500000,7660000,12190000,441100000,409540000000000
UB 920 x 420 x 1077,UB,0,1077,1061,451,55,99.1,25,137150,23790900000,44840000,53450000,58390,1527600000,6774000,10740000,330500000,350470000000000
UB 920 x 420 x 970,UB,0,970,1043,446,50,89.9,25,123660,21042600000,40350000,47750000,52680,1338700000,6003000,9497000,246800000,301870000000000
UB 920 x 420 x 787,UB,0,787,1011,437,40.9,73.9,25,100200,16498600000,32630000,38110000,42550,1033100000,4728000,7431000,136500000,225650000000000
UB 920 x 420 x 725,UB,0,725,999,434,38.1,68.1,25,92290,14965300000,29960000,34830000,39400,932100000,4295000,6739000,107500000,201000000000000
UB 920 x 420 x 656,UB,0,656,987,431,34.5,62,25,83530,13394300000,27140000,31360000,35540,830500000,3854000,6027000,80980000,176960000000000
UB 920 x 420 x 588,UB,0,588,975,427,31,55.9,25,74810,11853100000,24310000,27940000,31820,727700000,3408000,5314000,59230000,153180000000000
UB 920 x 420 x 537,UB,0,537,965,425,28.4,51.1,25,68250,10696100000,22160000,25360000,29040,655600000,3085000,4799000,45420000,136510000000000
UB 920 x 420 x 491,UB,0,491,957,422,25.9,47,25,62330,9704100000,20280000,23090000,26450,590100000,2796000,4339000,35200000,121870000000000
UB 920 x 420 x 449,UB,0,449,948,423,24,42.7,25,57140,8787900000,18540000,21040000,24390,539800000,2552000,3953000,26920000,110360000000000
UB 920 x 420 x 420,UB,0,420,943,422,22.5,39.9,25,53410,8174100000,17330000,19620000,22850,500700000,2373000,3671000,22080000,101890000000000
UB 920 x 420 x 390,UB,0,390,936,420,21.3,36.6,25,49430,7458100000,15930000,18010000,21520,452700000,2156000,3334000,17410000,91390000000000
UB 920 x 420 x 368,UB,0,368,931,419,20.3,34.3,25,46560,6962900000,14950000,16880000,20450,421200000,2010000,3108000,14520000,84530000000000
UB 920 x 420 x 344,UB,0,344,927,418,19.3,32,25,43720,6490600000,14000000,15790000,19410,390100000,1866000,2884000,11980000,78000000000000
UB 914 x 305 x 576,UB,1,576,993,322,36.1,65,20,73320,11023200000,22200000,26290000,36440,365200000,2268000,3658000,71530000,77860000000000
UB 914 x 305 x 521,UB,1,521,981,319,33,58.9,20,66370,9830100000,20040000,23610000,33120,321400000,2015000,3239000,53580000,67730000000000
UB 914 x 305 x 474,UB,1,474,971,316,30,54.1,20,60390,8862800000,18250000,21400000,30010,286500000,1813000,2901000,41180000,59790000000000
UB 914 x 305 x 425,UB,1,425,961,313,26.9,49,20,54200,7887700000,16410000,19140000,26830,251900000,1609000,2562000,30400000,52070000000000
UB 914 x 305 x 381,UB,1,381,951,310,24.4,43.9,20,48590,6973700000,14660000,17030000,24230,219100000,1413000,2243000,22060000,44830000000000
UB 914 x 305 x 345,UB,1,345,943,308,22.1,39.9,20,43970,6261900000,13280000,15360000,21890,195100000,1267000,2003000,16560000,39610000000000
UB 914 x 305 x 313,UB,1,313,932,309,21.1,34.5,20,39840,5488400000,11770000,13640000,20660,170400000,1102000,1748000,11670000,34160000000000
UB 914 x 305 x 289,UB,1,289,926.6,307.7,19.5,32,20,36830,5047300000,10890000,12580000,19060,155900000,1013000,1601000,9315000,31080000000000
UB 914 x 305 x 271,UB,1,271,923,307,18.4,30,20,34610,4721700000,10230000,11790000,17970,145100000,945800,1491000,7743000,28840000000000
UB 914 x 305 x 253,UB,1,253,918.4,305.5,17.3,27.9,20,32280,4368400000,9513000,10950000,16860,133000000,870800,1371000,6299000,26280000000000
UB 914 x 305 x 238,UB,1,238,915,305,16.5,25.9,20,30350,4070100000,8896000,10240000,16040,122800000,805600,1267000,5183000,24200000000000
UB 914 x 305 x 224,UB,1,224,910.4,304.1,15.9,23.9,20,28560,3769500000,8281000,9547000,15390,112300000,739000,1163000,4255000,22000000000000
UB 914 x 305 x 201,UB,1,201,903,303.3,15.1,20.2,20,25590,3257900000,7215000,8364000,14480,94230000,621300,982400,2939000,18300000000000
UB 840 x 400 x 576,UB,0,576,913,411,32,57.9,20,73450,10117700000,22160000,25560000,30020,672200000,3271000,5101000,61670000,122460000000000
UB 840 x 400 x 527,UB,0,527,903,409,29.5,53.1,20,67280,9150800000,20260000,23270000,27530,607300000,2969000,4621000,47770000,109340000000000
UB 840 x 400 x 473,UB,0,473,893,406,26.4,48,20,60360,8132000000,18210000,20790000,24570,536700000,2643000,4100000,35110000,95560000000000
UB 840 x 400 x 433,UB,0,433,885,404,24.4,43.9,20,55270,7362700000,16630000,18920000,22620,483500000,2393000,3706000,27040000,85320000000000
UB 840 x 400 x 392,UB,0,392,877,401,22.1,39.9,20,49960,6596500000,15040000,17040000,20430,429600000,2142000,3310000,20260000,75110000000000
UB 840 x 400 x 359,UB,0,359,868,403,21.1,35.6,20,45850,5916200000,13630000,15420000,19330,389000000,1930000,2984000,15100000,67260000000000
UB 840 x 400 x 329,UB,0,329,862,401,19.7,32.4,20,42030,5358200000,12430000,14040000,17980,348700000,1739000,2687000,11590000,59910000000000
UB 840 x 400 x 299,UB,0,299,856,400,18.2,29.2,20,38220,4816800000,11250000,12680000,16550,311900000,1559000,2406000,8662000,53220000000000
UB 838 x 292 x 251,UB,0,251,859,292,17,31,20,32000,3874900000,9021000,10320000,15650,129000000,883700,1383000,7455000,22040000000000
UB 838 x 292 x 226,UB,1,226,850.9,293.8,16.1,26.8,20,28860,3408000000,8010000,9182000,14680,113600000,773300,1212000,5223000,19230000000000
UB 838 x 292 x 210,UB,0,210,846,293,15.4,24.4,20,26900,3117100000,7369000,8455000,13970,102500000,700200,1098000,4127000,17260000000000
UB 838 x 292 x 194,UB,1,194,840.7,292.4,14.7,21.7,20,24680,2802700000,6667000,7668000,13250,90670000,620200,974700,3122000,15160000000000
UB 838 x 292 x 176,UB,1,176,834.9,291.7,14,18.8,20,22400,2471100000,5919000,6835000,12520,78000000,534800,842800,2267000,12940000000000
UB 762 x 267 x 220,UB,0,220,779,266,16.5,30,20,28070,2793900000,7173000,8231000,13900,94430000,710000,1114000,6205000,13190000000000
UB 762 x 267 x 197,UB,1,197,769.8,268,15.6,25.4,20,25060,2413200000,6269000,7205000,12970,81770000,610200,960100,4165000,11280000000000
UB 762 x 267 x 185,UB,0,185,766,267,14.9,23.6,20,23700,2241400000,5852000,6724000,12340,75110000,562600,885100,3433000,10310000000000
UB 762 x 267 x 173,UB,1,173,762.2,266.7,14.3,21.6,20,22040,2066500000,5422000,6236000,11790,68510000,513800,808900,2768000,9364000000000
UB 762 x 267 x 161,UB,0,161,758,266,13.8,19.3,20,20500,1872500000,4940000,5699000,11300,60740000,456700,720900,2151000,8258000000000
UB 762 x 267 x 147,UB,1,147,754,265.2,12.8,17.5,20,18720,1698700000,4505000,5194000,10470,54570000,411500,648500,1661000,7377000000000
UB 762 x 267 x 134,UB,1,134,750,264.4,12,15.5,20,17060,1520600000,4054000,4682000,9777,47890000,362200,571200,1250000,6440000000000
UB 760 x 380 x 582,UB,0,582,843,396,34.5,62,20,74250,8615500000,20440000,23750000,29760,644300000,3254000,5082000,72190000,97850000000000
UB 760 x 380 x 531,UB,0,531,833,393,31.5,56.9,20,67720,7766400000,18640000,21550000,27060,577600000,2939000,4579000,55630000,86670000000000
UB 760 x 380 x 484,UB,0,484,823,390,29,52.1,20,61830,6987600000,16980000,19530000,24780,516600000,2649000,4119000,42790000,76520000000000
UB 760 x 380 x 434,UB,0,434,813,387,25.9,47,20,55340,6188400000,15220000,17400000,22060,455100000,2352000,3646000,31270000,66600000000000
UB 760 x 380 x 389,UB,0,389,803,385,23.6,41.9,20,49580,5451900000,13570000,15450000,19980,399300000,2074000,3211000,22470000,57710000000000
UB 760 x 380 x 350,UB,0,350,795,382,21.1,38.1,20,44620,4868800000,12240000,13860000,17830,354600000,1856000,2865000,16750000,50690000000000
UB 760 x 380 x 314,UB,0,314,786,384,19.7,33.4,20,40160,4288600000,10910000,12320000,16500,315700000,1644000,2537000,11820000,44630000000000
UB 760 x 380 x 284,UB,0,284,780,382,18,30.1,20,36300,3837500000,9839000,11070000,15040,280000000,1466000,2259000,8750000,39310000000000
UB 760 x 380 x 257,UB,0,257,772,381,16.6,27.1,20,32910,3420500000,8861000,9951000,13790,250100000,1313000,2020000,6511000,34650000000000
UB 690 x 360 x 802,UB,0,802,826,387,50,89.9,20,102240,10631700000,25740000,30930000,40740,875400000,4524000,7146000,206100000,117630000000000
UB 690 x 360 x 548,UB,0,548,772,372,35.1,63,20,69890,6729300000,17430000,20380000,27740,543000000,2919000,4565000,70650000,67920000000000
UB 690 x 360 x 500,UB,0,500,762,369,32,57.9,20,63750,6062300000,15910000,18490000,25190,486700000,2638000,4114000,54590000,60090000000000
UB 690 x 360 x 457,UB,0,457,752,367,29.5,53.1,20,58370,5465500000,14530000,16800000,23080,438900000,2392000,3723000,42280000,53420000000000
UB 690 x 360 x 419,UB,0,419,744,364,26.9,49,20,53390,4953900000,13310000,15310000,20990,395000000,2170000,3369000,32990000,47560000000000
UB 690 x 360 x 384,UB,0,384,736,362,24.9,45,20,49010,4488800000,12190000,13960000,19340,356700000,1970000,3054000,25690000,42470000000000
UB 690 x 360 x 350,UB,0,350,728,360,23.1,40.9,20,44720,4034000000,11080000,12630000,17850,318700000,1771000,2742000,19530000,37530000000000
UB 690 x 360 x 323,UB,0,323,722,359,21.1,38.1,20,41330,3710400000,10270000,11660000,16290,294300000,1640000,2532000,15670000,34350000000000
UB 690 x 360 x 289,UB,0,289,714,356,19,34,20,36830,3262400000,9138000,10320000,14620,256100000,1438000,2217000,11200000,29550000000000
UB 690 x 360 x 265,UB,0,265,706,358,18.4,30.2,20,33850,2917900000,8266000,9333000,13980,231300000,1292000,1994000,8337000,26360000000000
UB 690 x 360 x 240,UB,0,240,701,356,16.8,27.4,20,30710,2626800000,7494000,8433000,12750,206300000,1159000,1786000,6272000,23370000000000
UB 690 x 360 x 217,UB,0,217,695,355,15.4,24.8,20,27890,2357900000,6785000,7613000,11650,185100000,1043000,1605000,4715000,20760000000000
UB 686 x 254 x 192,UB,0,192,702,254,15.5,27.9,20,24500,1994400000,5682000,6504000,11900,76450000,602000,943000,4797000,8656000000000
UB 686 x 254 x 170,UB,1,170,692.9,255.8,14.5,23.7,20,21680,1717800000,4958000,5676000,10990,66330000,518600,813300,3216000,7402000000000
UB 686 x 254 x 152,UB,1,152,687.5,254.5,13.2,21,20,19410,1518100000,4416000,5046000,9981,57860000,454700,712000,2312000,6407000000000
UB 686 x 254 x 140,UB,1,140,683.5,253.7,12.4,19,20,17840,1377200000,4029000,4604000,9343,51850000,408700,639900,1787000,5708000000000
UB 686 x 254 x 125,UB,1,125,677.9,253,11.7,16.2,20,15950,1194400000,3524000,4040000,8733,43850000,346600,544100,1243000,4786000000000
UB 610 x 325 x 551,UB,0,551,711,347,38.6,69.1,20,70410,5590700000,15720000,18650000,27880,484100000,2790000,4381000,85770000,49560000000000
UB 610 x 325 x 498,UB,0,498,699,343,35.1,63,20,63670,4962200000,14190000,16720000,25180,425900000,2483000,3889000,64770000,42840000000000
UB 610 x 325 x 455,UB,0,455,689,340,32,57.9,20,58060,4460800000,12940000,15140000,22850,380900000,2241000,3500000,50040000,37760000000000
UB 610 x 325 x 415,UB,0,415,679,338,29.5,53.1,20,53140,4013200000,11820000,13750000,20930,343000000,2030000,3164000,38760000,33460000000000
UB 610 x 325 x 372,UB,0,372,669,335,26.4,48,20,47630,3547900000,10600000,12240000,18650,301700000,1801000,2799000,28500000,28990000000000
UB 610 x 325 x 341,UB,0,341,661,333,24.4,43.9,20,43570,3198400000,9677000,11120000,17150,270900000,1627000,2525000,21950000,25720000000000
UB 610 x 325 x 307,UB,0,307,653,330,22.1,39.9,20,39350,2852300000,8736000,9984000,15480,239500000,1452000,2247000,16450000,22450000000000
UB 610 x 325 x 285,UB,0,285,647,329,20.6,37.1,20,36550,2622800000,8107000,9230000,14390,220600000,1341000,2073000,13280000,20470000000000
UB 610 x 325 x 262,UB,0,262,641,327,19,34,20,33470,2375500000,7411000,8405000,13230,198500000,1214000,1874000,10270000,18250000000000
UB 610 x 325 x 241,UB,0,241,635,329,17.9,31,20,31000,2169900000,6834000,7726000,12390,184300000,1120000,1728000,8022000,16780000000000
UB 610 x 325 x 217,UB,0,217,628,328,16.5,27.7,20,27960,1923600000,6126000,6903000,11350,163100000,995000,1533000,5861000,14670000000000
UB 610 x 325 x 195,UB,0,195,622,327,15.4,24.4,20,25130,1694500000,5448000,6129000,10520,142400000,871000,1342000,4183000,12690000000000
UB 610 x 325 x 174,UB,0,174,616,325,14,21.6,20,22400,1487200000,4828000,5417000,9528,123700000,761600,1172000,2975000,10910000000000
UB 610 x 325 x 155,UB,0,155,611,324,12.7,19,20,19930,1305500000,4273000,4783000,8621,107800000,665700,1024000,2095000,9436000000000
UB 610 x 305 x 238,UB,1,238,635.8,311.4,18.4,31.4,20,30330,2103300000,6616000,7516000,12720,158300000,1017000,1575000,8029000,14430000000000
UB 610 x 305 x 179,UB,1,179,620.2,307.1,14.1,23.6,20,22810,1538800000,4962000,5578000,9699,114100000,743100,1145000,3505000,10130000000000
UB 610 x 305 x 149,UB,1,149,612.4,304.8,11.8,19.7,20,19000,1267300000,4139000,4624000,8125,93090000,610800,938600,2076000,8165000000000
UB 610 x 229 x 153,UB,0,153,623,229,14,24.9,20,19770,1267500000,4069000,4657000,9712,50010000,436800,684900,3158000,4456000000000
UB 610 x 229 x 140,UB,1,140,617.2,230.2,13.1,22.1,20,17820,1133900000,3674000,4199000,9023,45080000,391700,613900,2334000,3978000000000
UB 610 x 229 x 125,UB,1,125,612.2,229,11.9,19.6,20,15930,1002200000,3274000,3733000,8179,39350000,343600,537700,1682000,3444000000000
UB 610 x 229 x 113,UB,1,113,607.6,228.2,11.1,17.3,20,14390,889300000,2927000,3338000,7587,34360000,301200,471500,1230000,2984000000000
UB 610 x 229 x 101,UB,1,101,602.6,227.6,10.5,14.8,20,12890,773900000,2568000,2938000,7107,29170000,256300,402400,866700,2512000000000
UB 610 x 178 x 92,UB,0,92,603,179,10.9,15,13,11760,646800000,2145000,2514000,6944,14410000,161000,258500,713000,1239000000000
UB 610 x 178 x 82,UB,0,82,599,178,10,12.8,13,10440,560300000,1870000,2198000,6339,12080000,135800,218200,490700,1033000000000
UB 533 x 312 x 409,UB,0,409,613,327,31,55.6,25,52450,3192400000,10410000,12210000,20590,325500000,1990000,3104000,43430000,25160000000000
UB 533 x 312 x 369,UB,0,369,603,324,27.9,50.5,25,47270,2830700000,9388000,10920000,18470,287300000,1774000,2758000,32460000,21840000000000
UB 533 x 312 x 332,UB,0,332,593,322,25.4,45.5,25,42590,2501000000,8435000,9753000,16710,254000000,1577000,2449000,23990000,18970000000000
UB 533 x 312 x 300,UB,0,300,585,319,23.1,41.4,25,38550,2231200000,7628000,8767000,15160,224600000,1408000,2182000,18100000,16540000000000
UB 533 x 312 x 272,UB,0,272,577,317,21.1,37.6,25,34960,1991200000,6902000,7889000,13790,200100000,1262000,1953000,13670000,14520000000000
UB 533 x 312 x 248,UB,0,248,571,315,19,34.5,25,31810,1798700000,6300000,7159000,12450,180100000,1143000,1765000,10520000,12930000000000
UB 533 x 312 x 219,UB,0,219,560,318,18.3,29.2,25,28290,1534100000,5479000,6211000,11710,156800000,986600,1526000,7019000,11020000000000
UB 533 x 312 x 196,UB,0,196,554,316,16.5,26.3,25,25430,1363600000,4922000,5554000,10550,138600000,877300,1354000,5184000,9628000000000
UB 533 x 312 x 182,UB,0,182,551,315,15.2,24.4,25,23540,1259200000,4570000,5137000,9760,127300000,808600,1246000,4164000,8811000000000
UB 533 x 312 x 165,UB,0,165,546,313,14,22.2,25,21460,1133300000,4151000,4651000,8979,113600000,726300,1118000,3198000,7782000000000
UB 533 x 312 x 150,UB,0,150,543,312,12.7,20.3,25,19580,1032200000,3801000,4243000,8189,102900000,659800,1014000,2474000,7018000000000
UB 533 x 210 x 122,UB,1,122,544.5,211.9,12.7,21.3,13,15540,760800000,2794000,3197000,7343,33870000,319700,499700,1788000,2311000000000
UB 533 x 210 x 109,UB,1,109,539.5,210.8,11.6,18.8,13,13890,668600000,2478000,2830000,6673,29420000,279200,435800,1267000,1989000000000
UB 533 x 210 x 101,UB,1,101,536.7,210,10.8,17.4,13,12870,615500000,2293000,2613000,6205,26920000,256300,399500,1013000,1810000000000
UB 533 x 210 x 92,UB,1,92.1,533.1,209.3,10.1,15.6,13,11740,552600000,2073000,2361000,5777,23890000,228300,355600,759500,1596000000000
UB 533 x 210 x 82,UB,1,82.2,528.3,208.8,9.6,13.2,13,10470,475700000,1801000,2060000,5433,20070000,192200,300400,517500,1328000000000
UB 533 x 165 x 85,UB,0,85,535,166,10.3,16.5,13,10790,485800000,1816000,2105000,5914,12630000,152200,241800,739800,845400000000
UB 533 x 165 x 74,UB,0,74,529,166,9.7,13.6,13,9530,410900000,1553000,1810000,5498,10410000,125400,200300,482000,688500000000
UB 533 x 165 x 66,UB,0,66,525,165,8.9,11.4,13,8380,351000000,1337000,1563000,5012,8573000,103900,166100,321500,562800000000
UB 457 x 279 x 464,UB,0,464,567,305,38.6,69.6,20,59310,2910000000,10260000,12390000,22320,331300000,2172000,3404000,75050000,20350000000000
UB 457 x 279 x 421,UB,0,421,555,302,35.6,63.5,20,53930,2576800000,9286000,11120000,20380,293200000,1942000,3038000,57310000,17600000000000
UB 457 x 279 x 384,UB,0,384,545,299,32.5,58.4,20,49180,2304900000,8458000,10050000,18490,261500000,1749000,2730000,44380000,15400000000000
UB 457 x 279 x 349,UB,0,349,535,296,29.5,53.6,20,44690,2053500000,7676000,9059000,16680,232700000,1572000,2447000,34100000,13420000000000
UB 457 x 279 x 315,UB,0,315,525,293,26.9,48.5,20,40280,1809600000,6893000,8075000,15100,204100000,1393000,2165000,25360000,11540000000000
UB 457 x 279 x 286,UB,0,286,517,291,24.4,44.4,20,36630,1621800000,6274000,7296000,13650,182900000,1257000,1949000,19420000,10180000000000
UB 457 x 279 x 260,UB,0,260,509,289,22.6,40.4,20,33370,1448000000,5689000,6579000,12540,163000000,1128000,1747000,14780000,8922000000000
UB 457 x 279 x 235,UB,0,235,501,287,20.6,36.6,20,30160,1284500000,5127000,5892000,11370,144500000,1007000,1557000,11060000,7774000000000
UB 457 x 279 x 213,UB,0,213,495,285,18.5,33.5,20,27360,1154400000,4664000,5325000,10220,129500000,909000,1401000,8430000,6881000000000
UB 457 x 279 x 193,UB,0,193,489,283,17,30.5,20,24880,1034700000,4232000,4808000,9357,115400000,815900,1256000,6411000,6055000000000
UB 457 x 279 x 177,UB,0,177,482,286,16.6,26.9,20,22840,921300000,3823000,4334000,8974,105100000,735000,1134000,4726000,5430000000000
UB 457 x 279 x 158,UB,0,158,476,284,15,23.9,20,20340,807500000,3393000,3828000,8080,91410000,643700,992000,3372000,4662000000000
UB 457 x 279 x 144,UB,0,144,472,283,13.6,22.1,20,18670,737200000,3124000,3507000,7346,83620000,590900,908600,2656000,4224000000000
UB 457 x 279 x 128,UB,0,128,467,282,12.2,19.6,20,16620,648100000,2776000,3102000,6585,73360000,520300,798800,1891000,3665000000000
UB 457 x 279 x 113,UB,0,113,463,280,10.8,17.3,20,14660,567200000,2450000,2726000,5848,63370000,452700,694000,1323000,3143000000000
UB 457 x 191 x 106,UB,0,105.8,469,194,12.6,20.6,10,13470,488000000,2081000,2386000,6147,25140000,259200,405300,1455000,1260000000000
UB 457 x 191 x 98,UB,1,98.3,467.2,192.8,11.4,19.6,10,12530,457100000,1956000,2231000,5580,23460000,243400,378800,1210000,1172000000000
UB 457 x 191 x 89,UB,1,89.3,463.4,191.9,10.5,17.7,10,11380,409900000,1769000,2012000,5119,20890000,217700,338300,905200,1035000000000
UB 457 x 191 x 82,UB,1,82,460,191.3,9.9,16,10,10450,370300000,1610000,1830000,4801,18700000,195500,303800,690600,920000000000
UB 457 x 191 x 74,UB,1,74.3,457,190.4,9,14.5,10,9460,333000000,1457000,1651000,4358,16710000,175500,272000,516700,816500000000
UB 457 x 191 x 67,UB,1,67.1,453.4,189.9,8.5,12.7,10,8550,293600000,1295000,1470000,4085,14520000,152900,237200,370300,703800000000
UB 457 x 152 x 82,UB,1,82.1,465.8,155.3,10.5,18.9,10,10450,365700000,1570000,1810000,5156,11840000,152500,240300,890400,589000000000
UB 457 x 152 x 74,UB,1,74.2,462,154.4,9.6,17,10,9450,326500000,1413000,1625000,4697,10460000,135500,213000,657700,516200000000.00006
UB 457 x 152 x 67,UB,1,67.2,458,153.8,9,15,10,8560,289100000,1262000,1452000,4372,9125000,118600,186600,475400,446200000000
UB 457 x 152 x 60,UB,1,59.8,454.6,152.9,8.1,13.3,10,7620,254800000,1121000,1286000,3926,7946000,103900,163000,337300,385700000000
UB 457 x 152 x 52,UB,1,52.3,449.8,152.4,7.6,10.9,10,6660,213500000,949400,1095000,3639,6449000,84630,133200,212900,309600000000
UB 406 x 178 x 85,UB,0,85,417,181,10.9,18.2,10,10820,315200000,1512000,1724000,4796,18030000,199200,310000,924200,715100000000
UB 406 x 178 x 74,UB,1,74.2,412.8,179.5,9.5,16,10,9450,272900000,1322000,1500000,4175,15450000,172100,266900,626100,607000000000
UB 406 x 178 x 67,UB,1,67.1,409.4,178.8,8.8,14.3,10,8550,243100000,1188000,1345000,3848,13640000,152600,236500,459800,531600000000
UB 406 x 178 x 60,UB,1,60.1,406.4,177.9,7.9,12.8,10,7650,215800000,1062000,1198000,3451,12030000,135200,209000,332100,465100000000
UB 406 x 178 x 54,UB,1,54.1,402.6,177.7,7.7,10.9,10,6900,187100000,929400,1053000,3319,10210000,114900,178200,230400,391000000000
UB 406 x 140 x 53,UB,0,53.3,406.6,143.3,7.9,12.9,10,6800,182700000,898700,1030000,3454,6345000,88560,138900,288500,245100000000
UB 406 x 140 x 46,UB,1,46,403.2,142.2,6.8,11.2,10,5860,156700000,777400,886900,2975,5380000,75670,118100,189400,206100000000
UB 406 x 140 x 39,UB,1,39,398,141.8,6.4,8.6,10,4970,124900000,627900,723000,2750,4097000,57790,90820,106400,154900000000
UB 356 x 171 x 67,UB,1,67.1,363.4,173.2,9.1,15.7,10,8550,194500000,1070000,1210000,3563,13620000,157200,242900,555300,410900000000
UB 356 x 171 x 57,UB,1,57,358,172.2,8.1,13,10,7260,160200000,895400,1009000,3140,11080000,128700,198700,332700,329200000000
UB 356 x 171 x 51,UB,1,51,355,171.5,7.4,11.5,10,6490,141200000,795800,895400,2857,9682000,112900,174100,237200,285100000000
UB 356 x 171 x 45,UB,1,45,351.4,171.1,7,9.7,10,5730,120500000,686200,774000,2671,8110000,94800,146500,157700,236300000000
UB 356 x 127 x 39,UB,1,39.1,353.4,126,6.6,10.7,10,4980,101600000,575100,657900,2561,3578000,56790,89020,150200,104700000000
UB 356 x 127 x 33,UB,1,33.1,349,125.4,6,8.5,10,4210,82400000,472200,542300,2298,2802000,44690,70260,87360,80970000000
UB 305 x 165 x 54,UB,1,54,310.4,166.9,7.9,13.7,9,6880,116900000,753700,846200,2660,10620000,127300,195600,348300,233600000000
UB 305 x 165 x 46,UB,1,46.1,306.6,165.7,6.7,11.8,9,5870,99010000,645800,720200,2257,8956000,108100,165500,222300,194300000000
UB 305 x 165 x 40,UB,1,40.3,303.4,165,6,10.2,9,5130,85050000,560600,623200,2012,7643000,92650,141700,147600,164100000000
UB 305 x 127 x 48,UB,1,48.1,311,125.3,9,14,9,6120,95770000,615900,710800,2994,4610000,73590,116000,318200,101200000000
UB 305 x 127 x 42,UB,1,41.9,307.2,124.3,8,12.1,9,5340,81980000,533700,613700,2648,3887000,62550,98420,211700,84310000000
UB 305 x 127 x 37,UB,1,37,304.4,123.4,7.1,10.7,9,4720,71730000,471300,539600,2347,3361000,54480,85420,147900,72260000000
UB 305 x 102 x 33,UB,1,32.8,312.7,102.4,6.6,10.8,8,4180,65120000,416500,481500,2220,1941000,37910,60070,123000,44030000000
UB 305 x 102 x 28,UB,1,28.2,308.7,101.8,6,8.8,8,3590,53760000,348300,403600,1995,1553000,30520,48480,74780,34790000000
UB 305 x 102 x 25,UB,1,24.8,305.1,101.6,5.8,7,8,3160,44660000,292700,342700,1895,1229000,24200,38830,48330,27180000000
UB 254 x 146 x 43,UB,1,43,259.6,147.3,7.2,12.7,8,5480,65500000,504600,566900,2035,6773000,91970,141100,240200,103000000000
UB 254 x 146 x 37,UB,1,37,256,146.4,6.3,10.9,8,4720,55430000,433100,483800,1773,5706000,77950,119400,154300,85610000000
UB 254 x 146 x 31,UB,1,31.1,251.4,146.1,6,8.6,8,3970,44200000,351600,393600,1649,4475000,61260,94150,86290,65870000000.00001
UB 254 x 102 x 28,UB,1,28.3,260.4,102.2,6.3,10,8,3610,40120000,308100,353400,1792,1785000,34940,54880,96650,27880000000
UB 254 x 102 x 25,UB,1,25.2,257.2,101.9,6,8.4,8,3200,34210000,266000,306100,1682,1487000,29180,46030,64950,22920000000
UB 254 x 102 x 22,UB,1,22,254,101.6,5.7,6.8,8,2800,28480000,224200,259600,1572,1193000,23490,37300,42030,18150000000
UB 203 x 133 x 30,UB,1,30,206.8,133.9,6.4,9.6,8,3820,29000000,280400,314800,1470,3846000,57450,88250,103900,37340000000
UB 203 x 133 x 25,UB,1,25.1,203.2,133.2,5.7,7.8,8,3200,23440000,230700,258200,1293,3076000,46190,70970,60320,29320000000
UB 203 x 102 x 23,UB,1,23.1,203.2,101.8,5.4,9.3,8,2940,21090000,207500,234500,1250,1638000,32190,49780,70990,15360000000
UB 178 x 102 x 19,UB,1,19,177.8,101.2,4.8,7.9,8,2430,13590000,152800,171600,996.8,1367000,27020,41610,44710,9847000000
UB 152 x 89 x 16,UB,1,16,152.4,88.7,4.5,7.7,8,2030,8365000,109700,123600,829.2,897600,20240,31200,36190,4687000000
UB 127 x 76 x 13,UB,1,13,127,76,4,7.6,8,1650,4749000,74790,84430,654.1,557500,14670,22600,29060,1981000000
UC 356 x 406 x 1384,UC,0,1384,617,481,104.5,148.4,20,176560,8393200000,27200000,36180000,55240,2783900000,11570000,18060000,1134000000,151090000000000
UC 356 x 406 x 1299,UC,1,1299,600,476,100,140,20,165470,7549500000,25160000,33260000,51940,2544100000,10680000,16670000,955200000,133120000000000
UC 356 x 406 x 1202,UC,1,1202,580,471,95,130,20,153050,6639700000,22890000,30030000,48290,2287600000,9714000,15150000,771900000,114600000000000
UC 356 x 406 x 1086,UC,1,1086,569,454,78,125,20,138580,5960700000,20950000,27230000,39970,1962700000,8646000,13380000,612200000,96070000000000
UC 356 x 406 x 990,UC,1,990,550,448,71.9,115,20,126240,5192600000,18880000,24300000,36210,1733800000,7740000,11960000,474900000,81520000000000
UC 356 x 406 x 900,UC,1,900,531,442,65.9,106,20,114920,4505500000,16970000,21640000,32590,1533600000,6939000,10710000,368800000,68880000000000
UC 356 x 406 x 818,UC,1,818,514,437,60.5,97,20,104330,3925400000,15270000,19270000,29450,1355400000,6203000,9566000,282100000,58650000000000
UC 356 x 406 x 744,UC,1,744,498,432,55.6,88.9,20,94810,3424700000,13750000,17180000,26640,1199400000,5553000,8553000,216600000,49980000000000
UC 356 x 406 x 677,UC,1,677,483,428,51.2,81.5,20,86340,2998200000,12410000,15360000,24160,1068800000,4994000,7684000,166800000,42910000000000
UC 356 x 406 x 634,UC,1,634,474.6,424,47.6,77,20,80750,2751900000,11590000,14250000,22340,981300000,4629000,7112000,139100000,38660000000000
UC 356 x 406 x 592,UC,1,592,465,421,45,72.3,20,75490,2505100000,10770000,13160000,20900,901800000,4284000,6578000,115200000,34660000000000
UC 356 x 406 x 551,UC,1,551,455.6,418.5,42.1,67.5,20,70190,2272800000,9977000,12090000,19380,826800000,3951000,6061000,93810000,31050000000000
UC 356 x 406 x 509,UC,1,509,446,416,39.1,62.7,20,64900,2048800000,9187000,11050000,17830,754100000,3625000,5556000,75130000,27630000000000
UC 356 x 406 x 467,UC,1,467,436.6,412.2,35.8,58,20,59490,1833400000,8398000,10020000,16210,678400000,3291000,5037000,59040000,24260000000000
UC 356 x 406 x 463,UC,0,463,435,412,35.8,57.4,20,58950,1805100000,8299000,9900000,16150,670400000,3254000,4981000,57460000,23840000000000
UC 356 x 406 x 421,UC,0,421,425,409,32.8,52.6,20,53710,1599300000,7526000,8903000,14660,600800000,2938000,4492000,44160000,20790000000000
UC 356 x 406 x 393,UC,1,393,419,407,30.6,49.2,20,50060,1469600000,7014000,8244000,13620,553700000,2721000,4156000,36100000,18900000000000
UC 356 x 406 x 382,UC,0,382,416,406,29.8,48,20,48710,1416700000,6811000,7987000,13220,536200000,2641000,4033000,33480000,18120000000000
UC 356 x 406 x 347,UC,0,347,407,404,27.2,43.7,20,44200,1253000000,6157000,7161000,11970,480900000,2380000,3631000,25320000,15840000000000
UC 356 x 406 x 340,UC,1,340,406.4,403,26.6,42.9,20,43300,1228800000,6047000,7021000,11720,468500000,2325000,3546000,23900000,15450000000000
UC 356 x 406 x 314,UC,0,314,399,401,24.9,39.6,20,39920,1105800000,5543000,6397000,10870,426000000,2125000,3239000,18910000,13740000000000
UC 356 x 406 x 287,UC,1,287,393.6,399,22.6,36.5,20,36570,1002200000,5092000,5834000,9873,386800000,1938000,2951000,14740000,12310000000000
UC 356 x 406 x 262,UC,0,262,387,398,21.1,33.3,20,33460,897600000,4638000,5282000,9138,350200000,1759000,2678000,11330000,10940000000000
UC 356 x 406 x 237,UC,0,237,380,395,18.9,30.2,20,30090,791300000,4164000,4708000,8162,310400000,1571000,2389000,8419000,9489000000000
UC 356 x 406 x 235,UC,1,235,381,394.8,18.4,30.2,20,29900,794300000,4169000,4708000,8006,309900000,1570000,2385000,8338000,9528000000000
UC 356 x 406 x 216,UC,0,216,375,394,17.3,27.7,20,27550,714900000,3813000,4285000,7459,282500000,1434000,2178000,6521000,8514000000000
UC 356 x 368 x 202,UC,1,202,374.6,374.7,16.5,27,20,25720,666000000,3556000,3994000,7158,236900000,1264000,1921000,5755000,7150000000000
UC 356 x 368 x 196,UC,0,196,372,374,16.4,26.2,20,25030,639800000,3440000,3860000,7062,228600000,1222000,1858000,5309000,6828000000000
UC 356 x 368 x 179,UC,0,179,368,373,15,23.9,20,22830,577900000,3141000,3505000,6460,206800000,1109000,1684000,4060000,6119000000000
UC 356 x 368 x 177,UC,1,177,368.2,372.6,14.4,23.8,20,22550,574600000,3121000,3477000,6254,205300000,1102000,1672000,3955000,6084000000000
UC 356 x 368 x 162,UC,0,162,364,371,13.3,21.8,20,20630,518900000,2851000,3162000,5766,185600000,1000000,1518000,3066000,5431000000000
UC 356 x 368 x 153,UC,1,153,362,370.5,12.3,20.7,20,19480,489300000,2703000,2987000,5369,175500000,947600,1436000,2614000,5109000000000
UC 356 x 368 x 147,UC,0,147,360,370,12.3,19.8,20,18790,466400000,2591000,2861000,5319,167200000,904000,1371000,2333000,4836000000000
UC 356 x 368 x 134,UC,0,134,356,369,11.2,18,20,17060,418600000,2352000,2585000,4848,150800000,817300,1238000,1773000,4305000000000
UC 356 x 368 x 129,UC,1,129,355.6,368.6,10.4,17.5,20,16430,405900000,2282000,2501000,4559,146100000,792900,1200000,1609000,4174000000000
UC 305 x 305 x 500,UC,0,500,427,340,45.1,75.1,20,63900,1690800000,7919000,9895000,19210,494300000,2907000,4490000,102800000,15230000000000
UC 305 x 305 x 454,UC,0,454,415,336,41.3,68.7,20,57970,1482000000,7142000,8835000,17390,436100000,2596000,4004000,78570000,13020000000000
UC 305 x 305 x 415,UC,0,415,403,334,38.9,62.7,20,53030,1301800000,6460000,7922000,16080,390900000,2340000,3610000,60660000,11270000000000
UC 305 x 305 x 375,UC,0,375,391,330,35.4,57.2,20,47890,1130400000,5782000,7023000,14440,343700000,2083000,3208000,45830000,9543000000000
UC 305 x 305 x 342,UC,0,342,382,328,32.6,52.6,20,43720,1007700000,5276000,6353000,13180,310300000,1892000,2910000,35700000,8391000000000
UC 305 x 305 x 313,UC,0,313,374,325,30,48.3,20,39910,898200000,4803000,5735000,12040,277100000,1705000,2619000,27630000,7328000000000
UC 305 x 305 x 283,UC,1,283,365.3,322.2,26.8,44.1,20,36040,791200000,4332000,5124000,10710,246400000,1529000,2344000,20830000,6340000000000
UC 305 x 305 x 253,UC,0,253,356,319,24.4,39.6,20,32360,684800000,3847000,4510000,9647,214600000,1345000,2061000,15160000,5362000000000
UC 305 x 305 x 240,UC,1,240,352.5,318.4,23,37.7,20,30580,644500000,3657000,4266000,9091,203100000,1276000,1953000,13060000,5024000000000
UC 305 x 305 x 226,UC,0,226,348,317,22.1,35.6,20,29030,598200000,3438000,3994000,8671,189300000,1194000,1827000,11080000,4611000000000
UC 305 x 305 x 202,UC,0,202,341,315,20.1,31.8,20,25950,522400000,3064000,3530000,7830,165900000,1053000,1610000,7998000,3959000000000
UC 305 x 305 x 198,UC,1,198,339.9,314.5,19.1,31.4,20,25240,511500000,3010000,3459000,7491,163000000,1036000,1582000,7581000,3873000000000
UC 305 x 305 x 179,UC,0,179,333,313,18,28.1,20,22920,447900000,2690000,3072000,6955,143800000,918900,1403000,5583000,3337000000000
UC 305 x 305 x 158,UC,1,158,327.1,311.2,15.8,25,20,20140,390000000,2384000,2699000,6116,125700000,807900,1232000,3939000,2865000000000
UC 305 x 305 x 143,UC,0,143,323,309,14,22.9,20,18380,350200000,2168000,2438000,5460,112700000,729500,1110000,3001000,2535000000000
UC 305 x 305 x 137,UC,1,137,320.5,309.2,13.8,21.7,20,17440,330600000,2063000,2315000,5334,107000000,692200,1054000,2613000,2386000000000
UC 305 x 305 x 129,UC,0,129,318,308,13.1,20.6,20,16660,310300000,1951000,2183000,5063,100400000,652000,992700,2244000,2218000000000
UC 305 x 305 x 118,UC,1,118,314.5,307.4,12,18.7,20,15020,279200000,1775000,1976000,4640,90610000,589500,897000,1706000,1980000000000
UC 305 x 305 x 107,UC,0,107,311,306,10.9,17,20,13770,250500000,1611000,1784000,4227,81250000,531000,807500,1298000,1754000000000
UC 305 x 305 x 97,UC,1,96.9,307.9,305.3,9.9,15.4,20,12340,225000000,1461000,1611000,3855,73090000,478800,727700,984000,1562000000000
UC 254 x 254 x 167,UC,1,167,289.1,265.2,19.2,31.7,13,21290,300000000,2075000,2424000,5911,98700000,744300,1137000,6275000,1632000000000
UC 254 x 254 x 149,UC,0,149,282,263,17.3,28.4,13,18980,259300000,1839000,2129000,5270,86220000,655600,1000000,4519000,1384000000000
UC 254 x 254 x 132,UC,1,132,276.3,261.3,15.3,25.3,13,16810,225300000,1631000,1870000,4643,75310000,576400,878400,3192000,1184000000000
UC 254 x 254 x 115,UC,0,115,269,259,13.5,22.1,13,14630,189400000,1408000,1599000,4052,64050000,494600,752800,2138000,975200000000
UC 254 x 254 x 107,UC,1,107,266.7,258.8,12.8,20.5,13,13640,175100000,1313000,1485000,3829,59270000,458000,697100,1729000,897400000000
UC 254 x 254 x 101,UC,0,101,264,257,11.9,19.6,13,12890,163700000,1240000,1397000,3563,55490000,431800,656500,1491000,828000000000
UC 254 x 254 x 89,UC,1,88.9,260.3,256.3,10.3,17.3,13,11330,142700000,1096000,1224000,3097,48570000,379000,575300,1026000,716600000000
UC 254 x 254 x 73,UC,1,73.1,254.1,254.6,8.6,14.2,13,9310,114100000,898400,992700,2577,39070000,306900,465400,578600,561900000000
UC 203 x 203 x 100,UC,0,100,229,210,14.5,23.7,10,12670,113200000,989100,1148000,3536,36630000,348900,532900,2089000,385400000000
UC 203 x 203 x 86,UC,1,86.1,222.2,209.1,12.7,20.5,10,10960,94460000,850200,976400,3057,31270000,299100,456200,1365000,317600000000
UC 203 x 203 x 71,UC,1,71,215.8,206.4,10,17.3,10,9040,76150000,705700,798400,2416,25370000,245800,373600,800700,249700000000
UC 203 x 203 x 60,UC,1,60,209.6,205.8,9.4,14.2,10,7640,61210000,584100,655700,2206,20640000,200600,305300,471000,196900000000
UC 203 x 203 x 52,UC,1,52,206.2,204.3,7.9,12.5,10,6630,52560000,509800,567000,1866,17770000,174000,264200,316600,166600000000
UC 203 x 203 x 46,UC,1,46.1,203.2,203.6,7.2,11,10,5870,45650000,449300,497100,1689,15480000,152000,230800,220700,142800000000
UC 152 x 152 x 51,UC,1,51,170.2,157.4,11,15.7,8,6520,32290000,379500,438400,2005,10220000,129800,199000,490800,60890000000
UC 152 x 152 x 44,UC,1,44,166,155.9,9.5,13.6,8,5610,27050000,325900,372500,1720,8601000,110300,168700,318800,49860000000
UC 152 x 152 x 37,UC,1,37,161.8,154.4,8,11.5,8,4710,22120000,273500,309100,1441,7062000,91480,139600,193000,39840000000
UC 152 x 152 x 30,UC,1,30,157.6,152.9,6.5,9.4,8,3830,17500000,222100,248000,1168,5604000,73310,111600,106000,30740000000
UC 152 x 152 x 23,UC,1,23,152.4,152.2,5.8,6.8,8,2920,12520000,164300,182300,1008,3999000,52550,80180,46930,21170000000
