# Catalog: Channels: parallel flanges (UPE, PFC) and taper flanges (UPN)
# Standard (declared by the source): EN 10365:2017 (dimensions), EN 10279:2000 (tolerances)
# Source: ArcelorMittal Europe - Long Products, Sections and Merchant Bars, Sales Programme, version 2026-1, sheet "EN Channels"
# Source file: https://sections.arcelormittal.com/repo/Sections/Sections%20and%20Merchant%20Bars-ArcelorMittal_V2026-1.xlsx
# Source SHA256: 84D01778D48973BC03670C77DBE6E17141B20F1BE449DC614F26CCEEE283C5B9
# Extracted: 2026-09-30 by tools/section-catalogs/extract_arcelormittal.py
# Units: mm, mm2, mm3, mm4, mm6 (Iw), kg/m (G); properties as published by the source, axes y-y strong, z-z weak
# InStandard: 0 for the sections marked 'Additional section to the standard' by the source (producer range)
# Designations as published, with the decimal commas written as points (HD 320 x 97,6 -> HD 320 x 97.6)
# r1: root radius, r2: toe radius (empty: sharp); ys: centroid from the back of the web, ym: shear centre from the back of the web
# UPN: taper flanges, slope not declared by the source; tf is the thickness defined by the standard
Designation,Series,InStandard,G,h,b,tw,tf,r1,r2,A,Iy,Wely,Wply,Avz,Iz,Welz,Wplz,It,Iw,ys,ym
UPE 400,UPE,1,72.2,400,115,13.5,18,18,,9190,209800000,1050000,1260000,5620,10450000,123000,220800,791000,259000000000,30,61
UPE 360,UPE,1,61.2,360,110,12,17,18,,7790,148300000,824000,982000,4560,8440000,105000,189200,585000,166000000000,30,61
UPE 330,UPE,1,53.2,330,105,11,16,18,,6780,110100000,667000,792000,3880,6810000,89700,161700,452000,112000000000,29,60
UPE 300,UPE,1,44.4,300,100,9.5,15,15,,5660,78200000,522000,613000,3030,5380000,75600,140100,315000,72700000000,29,60
UPE 270,UPE,1,35.2,270,95,7.5,13.5,15,,4480,52500000,389000,451000,2220,4010000,60700,110200,199000,43600000000,29,61
UPE 240,UPE,1,30.2,240,90,7,12.5,15,,3850,36000000,300000,347000,1880,3110000,50100,90840,151000,26400000000,28,59
UPE 220,UPE,1,26.6,220,85,6.5,12,13,,3390,26800000,244000,281000,1580,2470000,42500,76880,121000,17600000000,27,57
UPE 200,UPE,1,22.8,200,80,6,11,13,,2900,19100000,191000,220000,1350,1870000,34500,62200,88900,11000000000,26,54
UPE 180,UPE,1,19.7,180,75,5.5,10.5,12,,2510,13500000,150000,173000,1120,1440000,28600,51470,69900,6810000000,25,52
UPE 160,UPE,1,17,160,70,5.5,9.5,12,,2170,9110000,114000,132000,1000,1070000,22600,40720,52000,3960000000,23,48
UPE 140,UPE,1,14.5,140,65,5,9,12,,1840,6000000,85600,98800,825,788000,18200,32580,40500,2200000000,22,45
UPE 120,UPE,1,12.1,120,60,5,8,12,,1540,3640000,60600,70300,718,555000,13800,24800,29000,1120000000,20,41
UPE 100,UPE,1,9.8,100,55,4.5,7.5,10,,1250,2070000,41400,48000,534,383000,10600,18880,20100,530000000,19,39
UPE 80,UPE,1,7.9,80,50,4,7,10,,1010,1070000,26800,31200,405,255000,8000,13940,14700,220000000,18,37
PFC 430 x 100 x 64,PFC,1,64.4,430,100,11,19,15,,8210,219400000,1020000,1222000,4903,7225000,97900,175900,630000,207800000000,26,54
PFC 380 x 100 x 54,PFC,1,54,380,100,9.5,17.5,15,,6870,150300000,791300,933400,3803,6430000,89180,160700,456600,141800000000,28,59
PFC 300 x 100 x 46,PFC,1,45.5,300,100,9,16.5,15,,5800,82290000,548600,640700,2896,5678000,81720,148300,368400,75700000000,31,64
PFC 300 x 90 x 41,PFC,1,41.4,300,90,9,15.5,12,,5270,72180000,481200,567800,2808,4039000,63120,114000,287700,54800000000,26,54
PFC 260 x 90 x 35,PFC,1,34.8,260,90,8,14,12,,4440,47280000,363700,424600,2198,3525000,56290,102200,205700,35550000000,27,57
PFC 260 x 75 x 28,PFC,1,27.6,260,75,7,12,12,,3510,36190000,278400,327800,1942,1855000,34360,62010,117300,19030000000,21,44
PFC 230 x 90 x 32,PFC,1,32.2,230,90,7.5,14,12,,4100,35180000,305900,354700,1850,3341000,54970,99150,193100,25950000000,29,61
PFC 230 x 75 x 26,PFC,1,25.7,230,75,6.5,12.5,12,,3270,27480000,239000,278400,1626,1810000,34810,63180,118200,14160000000,23,48
PFC 200 x 90 x 30,PFC,1,29.7,200,90,7,14,12,,3790,25230000,252300,291300,1532,3139000,53400,94540,182900,18190000000,31,64
PFC 200 x 75 x 23,PFC,1,23.4,200,75,6,12.5,12,,2990,19630000,196300,227000,1337,1700000,33840,60800,110900,9890000000,25,52
PFC 180 x 90 x 26,PFC,1,26.1,180,90,6.5,12.5,12,,3320,18170000,201900,232100,1301,2767000,47440,83470,133100,13030000000,32,66
PFC 180 x 75 x 20,PFC,1,20.3,180,75,6,10.5,12,,2590,13700000,152200,176200,1205,1464000,28760,51950,73400,6920000000,24,51
PFC 150 x 90 x 24,PFC,1,23.9,150,90,6.5,12,12,,3040,11620000,154900,178600,1103,2532000,44450,76920,118000,8150000000,33,68
PFC 150 x 75 x 18,PFC,1,17.9,150,75,5.5,10,12,,2280,8610000,114800,132100,952,1310000,26610,47240,61000,4240000000,26,54
PFC 125 x 65 x 15,PFC,1,14.8,125,65,5.5,9.5,12,,1880,4831000,77290,89880,811,800200,18800,33440,47200,1740000000,23,46
PFC 100 x 50 x 10,PFC,1,10.2,100,50,5,8.5,9,,1300,2077000,41540,48870,569,323000,9890,17610,25300,440000000,17,35
UPN 400,UPN,1,71.8,400,110,14,18,18,9,9150,203500000,1020000,1240000,5860,8460000,102000,190000,816000,221000000000,27,51
UPN 380,UPN,1,63.1,380,102,13.5,16,16,8,8040,157600000,829000,1010000,5320,6150000,78700,148000,591000,146000000000,24,46
UPN 350,UPN,1,60.6,350,100,14,16,16,8,7730,128400000,734000,918000,5080,5700000,75000,143000,612000,114000000000,24,45
UPN 320,UPN,1,59.5,320,100,14,17.5,17.5,8.8,7580,108700000,679000,826000,4710,5970000,80600,152000,667000,96100000000,26,48
UPN 300,UPN,1,46.2,300,100,10,16,16,8,5880,80300000,535000,632000,3180,4950000,67800,130000,374000,69100000000,27,54
UPN 280,UPN,1,41.8,280,95,10,15,15,7.5,5330,62800000,448000,532000,2930,3990000,57200,109000,310000,48500000000,25,50
UPN 260,UPN,1,37.9,260,90,10,14,14,7,4830,48200000,371000,442000,2710,3170000,47700,91600,255000,33299999999.999996,24,47
UPN 240,UPN,1,33.2,240,85,9.5,13,13,6.5,4230,36000000,300000,358000,2370,2480000,39600,75700,197000,22100000000,22,44
UPN 220,UPN,1,29.4,220,80,9,12.5,12.5,6.5,3740,26900000,245000,292000,2060,1970000,33600,64100,160000,14600000000,21,42
UPN 200,UPN,1,25.3,200,75,8.5,11.5,11.5,6,3220,19100000,191000,228000,1770,1480000,27000,51800,119000,9070000000,20,39
UPN 180,UPN,1,22,180,70,8,11,11,5.5,2800,13500000,150000,179000,1510,1140000,22400,42900,95500,5570000000,19,38
UPN 160,UPN,1,18.8,160,65,7.5,10.5,10.5,5.5,2400,9250000,116000,138000,1260,853000,18300,35200,73900,3260000000,18,36
UPN 140,UPN,1,16,140,60,7,10,10,5,2040,6050000,86400,103000,1040,627000,14800,28300,56800,1800000000,18,34
UPN 120,UPN,1,13.4,120,55,7,9,9,4.5,1700,3640000,60700,72600,880,432000,11100,21200,41500,900000000,16,30
UPN 100,UPN,1,10.6,100,50,6,8.5,8.5,4.5,1350,2060000,41200,49000,646,293000,8490,16200,28100,410000000,16,29
UPN 80,UPN,1,8.6,80,45,6,8,8,4,1100,1060000,26500,32300,490,194000,6360,11900,22000,180000000,15,27
UPN 65,UPN,1,7.1,65,42,5.5,7.5,7.5,4,900,575000,17700,21700,368,141000,5070,9380,16100,80000000,14,26
UPN 50,UPN,1,5.6,50,38,5,7,7,3.5,710,264000,10600,13100,277,91200,3750,6780,11200,30000000,14,25
