# Catalog: Taper flange I sections (IPN, J)
# Standard (declared by the source): EN 10365:2017 (dimensions), EN 10024:1995 (tolerances)
# Source: ArcelorMittal Europe - Long Products, Sections and Merchant Bars, Sales Programme, version 2026-1, sheet "EN Taper flange beams"
# Source file: https://sections.arcelormittal.com/repo/Sections/Sections%20and%20Merchant%20Bars-ArcelorMittal_V2026-1.xlsx
# Source SHA256: 84D01778D48973BC03670C77DBE6E17141B20F1BE449DC614F26CCEEE283C5B9
# Extracted: 2026-09-30 by tools/section-catalogs/extract_arcelormittal.py
# Units: mm, mm2, mm3, mm4, mm6 (Iw), kg/m (G); properties as published by the source, axes y-y strong, z-z weak
# InStandard: 0 for the sections marked 'Additional section to the standard' by the source (producer range)
# Designations as published, with the decimal commas written as points (HD 320 x 97,6 -> HD 320 x 97.6)
# Slope: flange slope declared by the source (IPN 14%); empty when not declared (J)
# tf: flange thickness as defined by the standard for taper flanges; r1 root radius, r2 toe radius
Designation,Series,InStandard,G,h,b,tw,tf,r1,r2,Slope,A,Iy,Wely,Wply,Avz,Iz,Welz,Wplz,It,Iw
IPN 600,IPN,1,199,600,215,21.6,32.4,21.6,13,0.14,25370,1390000000,4630000,5452000,13800,46700000,434000,752000,7870000,3814000000000
IPN 550,IPN,1,166,550,200,19,30,19,11.9,0.14,21200,991800000,3610000,4240000,11130,34900000,349000,592000,5440000,2390000000000
IPN 500,IPN,1,141,500,185,18,27,18,10.8,0.14,17940,687400000,2750000,3240000,9560,24800000,268000,456000,4020000,1400000000000
IPN 450,IPN,1,115,450,170,16.2,24.3,16.2,9.7,0.14,14690,458500000,2040000,2400000,7779,17300000,203000,345000,2670000,791000000000
IPN 400,IPN,1,92.4,400,155,14.4,21.6,14.4,8.6,0.14,11770,292100000,1460000,1714000,6169,11600000,149000,253000,1700000,420000000000
IPN 380,IPN,1,84,380,149,13.7,20.5,13.7,8.2,0.14,10700,240100000,1260000,1482000,5555,9750000,131000,221000,1410000,319000000000
IPN 360,IPN,1,76.1,360,143,13,19.5,13,7.8,0.14,9700,196100000,1090000,1276000,4995,8180000,114000,194000,1150000,240000000000
IPN 340,IPN,1,68,340,137,12.2,18.3,12.2,7.3,0.14,8670,157000000,923000,1080000,4427,6740000,98400,166000,904000,176000000000
IPN 320,IPN,1,61,320,131,11.5,17.3,11.5,6.9,0.14,7770,125100000,782000,914000,3926,5550000,84700,143000,725000,129000000000
IPN 300,IPN,1,54.2,300,125,10.8,16.2,10.8,6.5,0.14,6900,98000000,653000,762000,3458,4510000,72200,121000,568000,91800000000
IPN 280,IPN,1,47.9,280,119,10.1,15.2,10.1,6.1,0.14,6100,75900000,542000,632000,3018,3640000,61200,103000,442000,64599999999.99999
IPN 260,IPN,1,41.9,260,113,9.4,14.1,9.4,5.6,0.14,5330,57400000,442000,514000,2608,2880000,51000,85900,335000,44100000000
IPN 240,IPN,1,36.2,240,106,8.7,13.1,8.7,5.2,0.14,4610,42500000,354000,412000,2233,2210000,41700,70000,250000,28700000000
IPN 220,IPN,1,31.1,220,98,8.1,12.2,8.1,4.9,0.14,3950,30600000,278000,324000,1906,1620000,33100,55700,186000,17800000000
IPN 200,IPN,1,26.2,200,90,7.5,11.3,7.5,4.5,0.14,3340,21400000,214000,250000,1603,1170000,26000,43500,135000,10500000000
IPN 180,IPN,1,21.9,180,82,6.9,10.4,6.9,4.1,0.14,2790,14500000,161000,187000,1335,813000,19800,33200,95800,5920000000
IPN 160,IPN,1,17.9,160,74,6.3,9.5,6.3,3.8,0.14,2280,9350000,117000,136000,1083,547000,14800,24900,65700,3140000000
IPN 140,IPN,1,14.3,140,66,5.7,8.6,5.7,3.4,0.14,1820,5730000,81900,95400,865,352000,10700,17900,43200,1540000000
IPN 120,IPN,1,11.1,120,58,5.1,7.7,5.1,3.1,0.14,1420,3280000,54700,63600,663,215000,7410,12400,27100,690000000
IPN 100,IPN,1,8.3,100,50,4.5,6.8,4.5,2.7,0.14,1060,1710000,34200,39800,485,122000,4880,8100,16000,270000000
IPN 80,IPN,1,5.9,80,42,3.9,5.9,3.9,2.3,0.14,760,778000,19500,22800,341,62900,3000,5000,8700,90000000
J 152 x 127 x 37,J,1,37.3,152.4,127,10.4,13.2,13.5,6.6,,4690,18020000,237000,274000,1920,3820000,60100,100000,336000,18900000000
J 127 x 114 x 29,J,1,29.3,127,114.3,10.2,11.5,9.9,4.8,,3680,9680000,152000,177000,1459,2430000,42600,70800,206000,8210000000.000001
J 127 x 114 x 27,J,1,26.9,127,114.3,7.4,11.4,9.9,5,,3380,9400000,148000,169000,1146,2400000,42000,69000,158000,8130000000.000001
J 127 x 76 x 16,J,1,16.5,127,76.2,5.6,9.6,9.4,4.6,,2090,5680000,89500,103000,895,615000,16100,26700,64400,2170000000
J 114 x 114 x 27,J,1,26.9,114.3,114.3,9.5,10.7,14.2,3.2,,3390,7290000,128000,148000,1468,2180000,38100,65000,212000,6060000000
J 102 x 102 x 23,J,1,23,101.6,101.6,9.5,10.3,11.1,3.2,,2880,4790000,94300,111000,1171,1520000,29900,50100,149000,3230000000
J 102 x 44 x 7,J,1,7.5,101.6,44.5,4.3,6.1,6.9,3.3,,940,1520000,29900,35000,524,78200,3520,6040,12900,180000000
J 89 x 89 x 19,J,1,19.5,88.9,88.9,9.5,9.9,11.1,3.2,,2440,3030000,68100,80800,1043,989000,22200,37400,127000,1580000000
J 76 x 76 x 15,J,1,15,76.2,80,8.9,8.4,9.4,4.6,,1880,1710000,44800,53100,812,608000,15200,25600,77300,710000000
J 76 x 76 x 13,J,1,12.8,76.2,76.2,5.1,8.4,9.4,4.6,,1610,1580000,41400,48100,565,525000,13800,22700,43900,620000000
