# Explicit namespace migration; only type identities change. Apply to every baseline, including parameter and return types.
GPC.Model.Checking.BeamCheckExecution	GPC.Model.Checking.Execution.BeamCheckExecution
GPC.Model.Checking.BeamCheckPreparation	GPC.Model.Checking.Preparation.BeamCheckPreparation
GPC.Model.Checking.MemberCheckExecution	GPC.Model.Checking.Execution.MemberCheckExecution
GPC.Model.Checking.SectionCheckExecution	GPC.Model.Checking.Execution.SectionCheckExecution
GPC.Model.Checking.SurfaceSelection	GPC.Model.Checking.Preparation.SurfaceSelection
GPC.Model.Checking.VerificationSnapshot	GPC.Model.Checking.Scenarios.VerificationSnapshot
GPC.Model.Costrains.Costrain	GPC.Model.Constraints.Costrain
GPC.Model.Costrains.MultiPointsCostrain	GPC.Model.Constraints.MultiPointsCostrain
GPC.Model.Costrains.MultiPointsCostrain+Equation	GPC.Model.Constraints.MultiPointsCostrain+Equation
GPC.Model.Costrains.RigidLink	GPC.Model.Constraints.RigidLink
GPC.Model.PostProcessing.ActionBody	GPC.Model.Results.State.ActionBody
GPC.Model.PostProcessing.AnalysisCompatibility	GPC.Model.Analysis.AnalysisCompatibility
GPC.Model.PostProcessing.AnalysisCompatibilityResult	GPC.Model.Analysis.AnalysisCompatibilityResult
GPC.Model.PostProcessing.AnalysisCompatibilityValidator	GPC.Model.Analysis.AnalysisCompatibilityValidator
GPC.Model.PostProcessing.AnalysisDataset	GPC.Model.Analysis.AnalysisDataset
GPC.Model.PostProcessing.AnalysisSemantics	GPC.Model.Analysis.AnalysisSemantics
GPC.Model.PostProcessing.AnalysisSnapshot	GPC.Model.Analysis.AnalysisSnapshot
GPC.Model.PostProcessing.AnalysisSource	GPC.Model.Analysis.AnalysisSource
GPC.Model.PostProcessing.AssignmentMode	GPC.Model.Structure.Assignments.AssignmentMode
GPC.Model.PostProcessing.AssignmentValidation	GPC.Model.Structure.Assignments.AssignmentValidation
GPC.Model.PostProcessing.Axes	GPC.Model.Core.Coordinates.Axes
GPC.Model.PostProcessing.BeamActionInput	GPC.Model.Checking.Preparation.BeamActionInput
GPC.Model.PostProcessing.BeamActionPreparation	GPC.Model.Checking.Preparation.BeamActionPreparation
GPC.Model.PostProcessing.BeamAnalysisProfile	GPC.Model.Analysis.BeamAnalysisProfile
GPC.Model.PostProcessing.BeamAnalysisStation	GPC.Model.Analysis.BeamAnalysisStation
GPC.Model.PostProcessing.BeamAssignments	GPC.Model.Structure.Assignments.BeamAssignments
GPC.Model.PostProcessing.BeamCheckInput	GPC.Model.Checking.Contracts.BeamCheckInput
GPC.Model.PostProcessing.BeamCheckPlan	GPC.Model.Checking.Preparation.BeamCheckPlan
GPC.Model.PostProcessing.BeamCheckPlanRequest	GPC.Model.Checking.Contracts.BeamCheckPlanRequest
GPC.Model.PostProcessing.BeamCombinationResult	GPC.Model.Results.Processing.BeamCombinationResult
GPC.Model.PostProcessing.BeamCoveragePolicy	GPC.Model.Checking.Contracts.BeamCoveragePolicy
GPC.Model.PostProcessing.BeamForceSnapshot	GPC.Model.Checking.Reports.BeamForceSnapshot
GPC.Model.PostProcessing.BeamFormulation	GPC.Model.Structure.Assignments.BeamFormulation
GPC.Model.PostProcessing.BeamLoadAssignment	GPC.Model.Loads.Assignments.BeamLoadAssignment
GPC.Model.PostProcessing.BeamLoadLengthConvention	GPC.Model.Loads.Assignments.BeamLoadLengthConvention
GPC.Model.PostProcessing.BeamMemberPart	GPC.Model.Structure.Members.BeamMemberPart
GPC.Model.PostProcessing.BeamPreparation	GPC.Model.Checking.Contracts.BeamPreparation
GPC.Model.PostProcessing.BeamReferenceGeometry	GPC.Model.Structure.Topology.BeamReferenceGeometry
GPC.Model.PostProcessing.BeamSectionAssignment	GPC.Model.Structure.Assignments.BeamSectionAssignment
GPC.Model.PostProcessing.BeamSectionStation	GPC.Model.Structure.Assignments.BeamSectionStation
GPC.Model.PostProcessing.BeamStiffnessModifiers	GPC.Model.Analysis.BeamStiffnessModifiers
GPC.Model.PostProcessing.CheckApplicability	GPC.Model.Checking.Reports.CheckApplicability
GPC.Model.PostProcessing.CheckCalculationValue	GPC.Model.Checking.Reports.CheckCalculationValue
GPC.Model.PostProcessing.CheckConvergence	GPC.Model.Checking.Reports.CheckConvergence
GPC.Model.PostProcessing.CheckDetails	GPC.Model.Checking.Reports.CheckDetails
GPC.Model.PostProcessing.CheckInputSnapshot	GPC.Model.Checking.Reports.CheckInputSnapshot
GPC.Model.PostProcessing.CheckMechanism	GPC.Model.Checking.Contracts.CheckMechanism
GPC.Model.PostProcessing.CheckMetric	GPC.Model.Checking.Reports.CheckMetric
GPC.Model.PostProcessing.CheckPointValue	GPC.Model.Checking.Reports.CheckPointValue
GPC.Model.PostProcessing.CheckReport	GPC.Model.Checking.Reports.CheckReport
GPC.Model.PostProcessing.CheckReportViews	GPC.Model.Checking.Reports.CheckReportViews
GPC.Model.PostProcessing.CheckResult	GPC.Model.Checking.Contracts.CheckResult
GPC.Model.PostProcessing.CheckResultGroup	GPC.Model.Checking.Reports.CheckResultGroup
GPC.Model.PostProcessing.CheckRunner	GPC.Model.Checking.Reports.CheckRunner
GPC.Model.PostProcessing.CheckScope	GPC.Model.Checking.Contracts.CheckScope
GPC.Model.PostProcessing.CheckStandardContext	GPC.Model.Checking.Reports.CheckStandardContext
GPC.Model.PostProcessing.CheckSummary	GPC.Model.Checking.Reports.CheckSummary
GPC.Model.PostProcessing.CheckTargetKind	GPC.Model.Checking.Contracts.CheckTargetKind
GPC.Model.PostProcessing.CheckTargetReference	GPC.Model.Checking.Contracts.CheckTargetReference
GPC.Model.PostProcessing.CheckWorkItem	GPC.Model.Checking.Preparation.CheckWorkItem
GPC.Model.PostProcessing.CombinationAlternative	GPC.Model.Results.Processing.CombinationAlternative
GPC.Model.PostProcessing.CombinationCategory	GPC.Model.Checking.Contracts.CombinationCategory
GPC.Model.PostProcessing.CombinationRebuild	GPC.Model.Results.Processing.CombinationRebuild
GPC.Model.PostProcessing.CombinationRebuildReport	GPC.Model.Results.Processing.CombinationRebuildReport
GPC.Model.PostProcessing.ComponentAvailability	GPC.Model.Results.State.ComponentAvailability
GPC.Model.PostProcessing.CoverageAssessment	GPC.Model.Checking.Contracts.CoverageAssessment
GPC.Model.PostProcessing.DataStatus	GPC.Model.Core.Diagnostics.DataStatus
GPC.Model.PostProcessing.DerivedResult	GPC.Model.Results.Processing.DerivedResult
GPC.Model.PostProcessing.DetailingCheckDetails	GPC.Model.Checking.Reports.DetailingCheckDetails
GPC.Model.PostProcessing.DiagnosticSeverity	GPC.Model.Core.Diagnostics.DiagnosticSeverity
GPC.Model.PostProcessing.ElementCheckReport	GPC.Model.Checking.Reports.ElementCheckReport
GPC.Model.PostProcessing.ElementKey	GPC.Model.Checking.Preparation.ElementKey
GPC.Model.PostProcessing.ElementSelection	GPC.Model.Checking.Preparation.ElementSelection
GPC.Model.PostProcessing.EngineeringOutcome	GPC.Model.Checking.Contracts.EngineeringOutcome
GPC.Model.PostProcessing.EntityFamily	GPC.Model.Core.Identity.EntityFamily
GPC.Model.PostProcessing.Equilibrium	GPC.Model.Results.Processing.Equilibrium
GPC.Model.PostProcessing.EquilibriumContribution	GPC.Model.Results.Processing.EquilibriumContribution
GPC.Model.PostProcessing.EquilibriumReport	GPC.Model.Results.Processing.EquilibriumReport
GPC.Model.PostProcessing.EquilibriumScope	GPC.Model.Results.Processing.EquilibriumScope
GPC.Model.PostProcessing.ExecutionStatus	GPC.Model.Checking.Contracts.ExecutionStatus
GPC.Model.PostProcessing.GoverningCheck	GPC.Model.Checking.Reports.GoverningCheck
GPC.Model.PostProcessing.IConcreteSectionVerifier	GPC.Model.Checking.Contracts.IConcreteSectionVerifier
GPC.Model.PostProcessing.IConfiguredSectionVerifier	GPC.Model.Checking.Contracts.IConfiguredSectionVerifier
GPC.Model.PostProcessing.IPhysicalMemberVerifier	GPC.Model.Checking.Contracts.IPhysicalMemberVerifier
GPC.Model.PostProcessing.ISectionCheckVerifier	GPC.Model.Checking.Contracts.ISectionCheckVerifier
GPC.Model.PostProcessing.IShellDesignActionMethod	GPC.Model.Checking.Contracts.IShellDesignActionMethod
GPC.Model.PostProcessing.LinearBeamCombination	GPC.Model.Results.Processing.LinearBeamCombination
GPC.Model.PostProcessing.MemberCheckSpecification	GPC.Model.Checking.Contracts.MemberCheckSpecification
GPC.Model.PostProcessing.MemberDesignContext	GPC.Model.Structure.Members.MemberDesignContext
GPC.Model.PostProcessing.MemberInputSnapshot	GPC.Model.Checking.Contracts.MemberInputSnapshot
GPC.Model.PostProcessing.MemberLocation	GPC.Model.Structure.Members.MemberLocation
GPC.Model.PostProcessing.MemberRestraint	GPC.Model.Structure.Members.MemberRestraint
GPC.Model.PostProcessing.MemberSampleSnapshot	GPC.Model.Checking.Contracts.MemberSampleSnapshot
GPC.Model.PostProcessing.MemberVerification	GPC.Model.Compatibility.MemberVerification
GPC.Model.PostProcessing.ModelDiagnostic	GPC.Model.Core.Diagnostics.ModelDiagnostic
GPC.Model.PostProcessing.ModelOrientation	GPC.Model.Structure.Topology.ModelOrientation
GPC.Model.PostProcessing.ModelPreparation	GPC.Model.Checking.Preparation.ModelPreparation
GPC.Model.PostProcessing.ModelRevisions	GPC.Model.Models.ModelRevisions
GPC.Model.PostProcessing.NativeMethodDetails	GPC.Model.Checking.Preparation.NativeMethodDetails
GPC.Model.PostProcessing.NodalActions	GPC.Model.Results.Processing.NodalActions
GPC.Model.PostProcessing.NodalForceKind	GPC.Model.Results.State.NodalForceKind
GPC.Model.PostProcessing.NodalKinematics	GPC.Model.Results.Processing.NodalKinematics
GPC.Model.PostProcessing.NodalLink	GPC.Model.Structure.Assignments.NodalLink
GPC.Model.PostProcessing.NodalMass	GPC.Model.Structure.Assignments.NodalMass
GPC.Model.PostProcessing.NodeAssignments	GPC.Model.Structure.Assignments.NodeAssignments
GPC.Model.PostProcessing.OriginalResultData	GPC.Model.Results.State.OriginalResultData
GPC.Model.PostProcessing.PhysicalMemberCheckInput	GPC.Model.Checking.Contracts.PhysicalMemberCheckInput
GPC.Model.PostProcessing.PhysicalMemberDefinition	GPC.Model.Structure.Members.PhysicalMemberDefinition
GPC.Model.PostProcessing.PhysicalMemberGeometry	GPC.Model.Structure.Members.PhysicalMemberGeometry
GPC.Model.PostProcessing.PreparationRequest	GPC.Model.Checking.Preparation.PreparationRequest
GPC.Model.PostProcessing.PreparedElementSample	GPC.Model.Checking.Preparation.PreparedElementSample
GPC.Model.PostProcessing.PreparedVerification	GPC.Model.Checking.Preparation.PreparedVerification
GPC.Model.PostProcessing.PreservedAssignment	GPC.Model.Structure.Assignments.PreservedAssignment
GPC.Model.PostProcessing.ProfileInterpolation	GPC.Model.Analysis.ProfileInterpolation
GPC.Model.PostProcessing.ReinforcementAnalysisRole	GPC.Model.Analysis.ReinforcementAnalysisRole
GPC.Model.PostProcessing.RequiredBeamLocation	GPC.Model.Checking.Contracts.RequiredBeamLocation
GPC.Model.PostProcessing.RestrainAssignment	GPC.Model.Structure.Assignments.RestrainAssignment
GPC.Model.PostProcessing.ResultAlgebra	GPC.Model.Results.Processing.ResultAlgebra
GPC.Model.PostProcessing.ResultCoordinateKind	GPC.Model.Results.Locations.ResultCoordinateKind
GPC.Model.PostProcessing.ResultEnvelope	GPC.Model.Results.Processing.ResultEnvelope
GPC.Model.PostProcessing.ResultOrientation	GPC.Model.Results.Processing.ResultOrientation
GPC.Model.PostProcessing.ResultPreparation	GPC.Model.Checking.Preparation.ResultPreparation
GPC.Model.PostProcessing.ResultQueries	GPC.Model.Results.Queries.ResultQueries
GPC.Model.PostProcessing.ResultSelection	GPC.Model.Results.Queries.ResultSelection
GPC.Model.PostProcessing.ResultState	GPC.Model.Results.State.ResultState
GPC.Model.PostProcessing.ResultTransformations	GPC.Model.Compatibility.ResultTransformations
GPC.Model.PostProcessing.ResultUnits	GPC.Model.Core.Units.ResultUnits
GPC.Model.PostProcessing.SectionCheckCriterion	GPC.Model.Checking.Contracts.SectionCheckCriterion
GPC.Model.PostProcessing.SectionCheckDirection	GPC.Model.Checking.Contracts.SectionCheckDirection
GPC.Model.PostProcessing.SectionCheckSpecification	GPC.Model.Checking.Contracts.SectionCheckSpecification
GPC.Model.PostProcessing.SectionLaws	GPC.Model.Structure.Assignments.SectionLaws
GPC.Model.PostProcessing.SectionResistanceDetails	GPC.Model.Checking.Reports.SectionResistanceDetails
GPC.Model.PostProcessing.SectionSide	GPC.Model.Results.Locations.SectionSide
GPC.Model.PostProcessing.ServiceabilityCheckDetails	GPC.Model.Checking.Reports.ServiceabilityCheckDetails
GPC.Model.PostProcessing.ShearCheckDetails	GPC.Model.Checking.Reports.ShearCheckDetails
GPC.Model.PostProcessing.ShellActionPreparation	GPC.Model.Checking.Preparation.ShellActionPreparation
GPC.Model.PostProcessing.ShellAssignments	GPC.Model.Structure.Assignments.ShellAssignments
GPC.Model.PostProcessing.ShellCheckInput	GPC.Model.Checking.Preparation.ShellCheckInput
GPC.Model.PostProcessing.ShellCheckSnapshot	GPC.Model.Checking.Reports.ShellCheckSnapshot
GPC.Model.PostProcessing.ShellInputAxes	GPC.Model.Checking.Preparation.ShellInputAxes
GPC.Model.PostProcessing.ShellInputPreparation	GPC.Model.Checking.Preparation.ShellInputPreparation
GPC.Model.PostProcessing.ShellInputSnapshot	GPC.Model.Checking.Reports.ShellInputSnapshot
GPC.Model.PostProcessing.ShellPreparation	GPC.Model.Compatibility.ShellPreparation
GPC.Model.PostProcessing.ShellRebarLayer	GPC.Model.Structure.Assignments.ShellRebarLayer
GPC.Model.PostProcessing.ShellResultPointKind	GPC.Model.Results.Locations.ShellResultPointKind
GPC.Model.PostProcessing.SourceIdentity	GPC.Model.Core.Identity.SourceIdentity
GPC.Model.PostProcessing.SpringKind	GPC.Model.Structure.Assignments.SpringKind
GPC.Model.PostProcessing.SpringMatrix	GPC.Model.Structure.Assignments.SpringMatrix
GPC.Model.PostProcessing.TorsionCheckDetails	GPC.Model.Checking.Reports.TorsionCheckDetails
GPC.Model.PostProcessing.Verification	GPC.Model.Compatibility.Verification
GPC.Model.PostProcessing.VerificationPreparation	GPC.Model.Checking.Preparation.VerificationPreparation
GPC.Model.PostProcessing.VerificationProvenance	GPC.Model.Checking.Contracts.VerificationProvenance
GPC.Model.PostProcessing.VerificationScenario	GPC.Model.Checking.Scenarios.VerificationScenario
GPC.Model.PostProcessing.WoodArmer	GPC.Model.Compatibility.WoodArmer
GPC.Model.PostProcessing.WoodArmerMoments	GPC.Model.Compatibility.WoodArmerMoments
GPC.Model.Restrains.DofRestrain	GPC.Model.Restraints.DofRestrain
GPC.Model.Restrains.GeometryRestrain	GPC.Model.Restraints.GeometryRestrain
GPC.Model.Restrains.GeometryRestrain+DOF	GPC.Model.Restraints.GeometryRestrain+DOF
GPC.Model.Restrains.LineRestrain	GPC.Model.Restraints.LineRestrain
GPC.Model.Restrains.NodeRestrain	GPC.Model.Restraints.NodeRestrain
GPC.Model.Results.ElementResults.BeamResult	GPC.Model.Results.Storage.BeamResult
GPC.Model.Results.ElementResults.BrickElementResult	GPC.Model.Results.Storage.BrickElementResult
GPC.Model.Results.ElementResults.ElementResult	GPC.Model.Results.Storage.ElementResult
GPC.Model.Results.ElementResults.NodeResult	GPC.Model.Results.Storage.NodeResult
GPC.Model.Results.ElementResults.PlateElementResult	GPC.Model.Results.Storage.PlateElementResult
GPC.Model.Results.ResultLocations.BrickPointResultDisplacement	GPC.Model.Results.Locations.BrickPointResultDisplacement
GPC.Model.Results.ResultLocations.BrickPointResultForces	GPC.Model.Results.Locations.BrickPointResultForces
GPC.Model.Results.ResultLocations.IBeamResultLocation	GPC.Model.Results.Locations.IBeamResultLocation
GPC.Model.Results.ResultLocations.IBrickResultLocation	GPC.Model.Results.Locations.IBrickResultLocation
GPC.Model.Results.ResultLocations.INodeResultLocation	GPC.Model.Results.Locations.INodeResultLocation
GPC.Model.Results.ResultLocations.IPlateResultLocation	GPC.Model.Results.Locations.IPlateResultLocation
GPC.Model.Results.ResultLocations.NodeResultDisplacement	GPC.Model.Results.Locations.NodeResultDisplacement
GPC.Model.Results.ResultLocations.NodeResultForces	GPC.Model.Results.Locations.NodeResultForces
GPC.Model.Results.ResultLocations.PointResultDisplacement	GPC.Model.Results.Locations.PointResultDisplacement
GPC.Model.Results.ResultLocations.PointResultPlateForces	GPC.Model.Results.Locations.PointResultPlateForces
GPC.Model.Results.ResultLocations.PointResultPlateStress	GPC.Model.Results.Locations.PointResultPlateStress
GPC.Model.Results.ResultLocations.ResultLocation	GPC.Model.Results.Locations.ResultLocation
GPC.Model.Results.ResultLocations.StationResultBeamForces	GPC.Model.Results.Locations.StationResultBeamForces
GPC.Model.Results.ResultLocations.StationResultDisplacement	GPC.Model.Results.Locations.StationResultDisplacement
GPC.Model.Structure.PhysicalSurfaceDefinition	GPC.Model.Structure.Members.PhysicalSurfaceDefinition
GPC.Model.Structure.SurfaceZoneDefinition	GPC.Model.Structure.Members.SurfaceZoneDefinition
